,Run,Rerun,CamCol,DAOPHOTID,ra,dec,x_u,y_u,u,uErr,chi_u,sharp_u,flag_u,x_g,y_g,g,gErr,chi_g,sharp_g,flag_g,x_r,y_r,r,rErr,chi_r,sharp_r,flag_r,x_i,y_i,i,iErr,chi_i,sharp_i,flag_i,x_z,y_z,z,zErr,chi_z,sharp_z,flag_z
0,2141,40,4,271,151.3474454,0.11432515,1119.994,19.957,22.596,0.391,0.44,-0.13,0,1117.579,23.286,20.247,0.018,0.79,-0.16,0,1116.283,12.839,18.864,0.012,0.93,-0.05,0,1116.306,15.626,18.258,0.012,0.79,-0.04,0,1115.729,19.401,17.985,0.027,0.66,-0.06,0
1,2141,40,4,284,151.34745973,0.12531639,1219.861,20.072,22.557,0.361,0.43,1.47,0,1217.557,23.416,20.741,0.032,0.95,-0.14,0,1216.215,12.944,19.385,0.016,0.93,-0.06,0,1216.261,15.755,18.731,0.016,0.85,-0.04,0,1215.683,19.517,18.361,0.042,0.72,-0.24,0
2,2141,40,4,160,151.34916692,0.07294854,9999.99,9999.99,99.999,9.999,9.99,9.99,9,741.211,38.925,22.296,0.122,0.99,-1.2,0,740.09,28.579,21.643,0.086,0.9,0.33,0,740.029,31.268,21.381,0.1,0.77,0.05,0,9999.99,9999.99,99.999,9.999,9.99,9.99,9
3,2141,40,4,7,151.34950593,-0.00635557,9999.99,9999.99,99.999,9.999,9.99,9.99,9,20.102,41.962,20.999,0.102,2.45,2.08,0,19.314,31.801,20.151,0.104,3.72,1.68,0,19.091,34.309,19.787,0.118,3.29,1.08,0,18.527,38.238,19.365,0.139,0.86,1.7,0
4,2141,40,4,318,151.34980609,0.16042309,9999.99,9999.99,99.999,9.999,9.99,9.99,9,1536.866,44.741,22.955,0.183,0.84,0.04,0,1535.378,34.191,21.333,0.065,0.91,0.09,0,1535.496,37.08,20.674,0.058,0.81,-0.19,0,1534.919,40.799,20.418,0.263,0.65,-0.21,0
5,2141,40,4,163,151.34982481,0.07345627,748.658,41.631,22.089,0.294,0.47,-0.59,0,745.829,44.905,20.393,0.025,0.96,-0.21,0,744.706,34.558,19.904,0.022,0.91,-0.09,0,744.646,37.248,19.658,0.034,1.03,0.05,0,744.076,41.076,19.508,0.089,0.58,0.01,0
6,2141,40,4,348,151.3510131,0.18482935,9999.99,9999.99,99.999,9.999,9.99,9.99,9,1758.808,55.713,21.742,0.072,0.97,-0.12,0,1757.218,45.108,20.341,0.038,1.18,0.0,0,1757.387,48.051,19.669,0.032,0.96,-0.03,0,1756.81,51.741,19.127,0.103,0.76,-0.73,0
7,2141,40,4,269,151.3519193,0.11198985,1098.769,60.617,22.441,0.325,0.42,0.76,0,1096.333,63.944,21.743,0.096,1.26,1.91,0,1095.05,53.511,20.608,0.084,2.11,1.27,0,1095.069,56.286,20.196,0.071,1.44,0.65,0,1094.5,60.068,19.917,0.15,0.66,1.38,0
8,2141,40,4,232,151.35223254,0.09128475,9999.99,9999.99,99.999,9.999,9.99,9.99,9,907.994,66.789,21.697,0.096,1.34,1.44,0,906.798,56.405,20.495,0.092,2.5,1.28,0,906.775,59.133,20.113,0.11,2.43,0.93,0,906.208,62.94,19.604,0.143,0.86,0.55,0
9,2141,40,4,31,151.35359698,0.01839803,248.508,75.961,21.416,0.228,0.49,-1.17,0,245.121,79.162,20.601,0.032,1.07,-0.28,0,244.233,68.951,20.333,0.037,1.15,0.0,0,244.061,71.51,20.154,0.042,0.9,-0.14,0,243.501,75.41,19.923,0.134,0.56,-0.1,0
10,2141,40,4,25,151.35438061,0.01342964,203.386,83.086,19.651,0.092,0.91,-0.52,0,199.95,86.281,17.472,0.03,5.23,0.06,0,199.083,76.082,16.618,0.005,0.73,0.0,0,198.901,78.629,16.183,0.005,0.54,0.0,0,198.343,82.536,15.883,0.014,1.16,0.04,0
11,2141,40,4,358,151.35472202,0.19231519,1828.486,85.984,20.378,0.081,0.61,-0.32,0,1826.868,89.42,19.078,0.014,1.18,-0.15,0,1825.25,78.805,18.632,0.01,0.84,0.04,0,1825.434,81.76,18.442,0.021,1.23,-0.05,0,1824.863,85.442,18.28,0.092,1.35,-1.27,0
12,2141,40,4,315,151.35549814,0.15444307,1484.477,93.084,22.314,0.336,0.49,0.3,0,1482.474,96.47,20.374,0.052,2.05,1.29,0,1481.016,85.944,19.594,0.072,3.66,1.29,0,1481.123,88.812,19.12,0.073,3.09,0.82,0,1480.556,92.542,18.739,0.087,1.01,0.58,0
13,2141,40,4,139,151.3562924,0.07101424,9999.99,9999.99,99.999,9.999,9.99,9.99,9,723.612,103.681,21.326,0.058,1.09,-0.24,0,722.504,93.352,20.766,0.06,1.32,-0.15,0,722.441,96.027,20.514,0.048,0.78,-0.1,0,721.881,99.863,20.442,0.193,0.54,-0.21,0
14,2141,40,4,211,151.35705353,0.08292711,9999.99,9999.99,99.999,9.999,9.99,9.99,9,831.968,110.601,20.734,0.037,1.11,-0.26,0,830.811,100.245,19.218,0.019,1.2,-0.05,0,830.772,102.947,18.37,0.009,0.57,-0.02,0,830.213,106.769,17.896,0.022,0.58,0.03,0
15,2141,40,4,153,151.35730441,0.07242206,9999.99,9999.99,99.999,9.999,9.99,9.99,9,736.415,112.879,21.722,0.077,1.05,0.36,0,735.303,102.548,21.208,0.075,1.15,-0.28,0,735.242,105.226,21.058,0.087,0.9,0.15,0,9999.99,9999.99,99.999,9.999,9.99,9.99,9
16,2141,40,4,256,151.35789787,0.10487623,9999.99,9999.99,99.999,9.999,9.99,9.99,9,1031.621,118.277,20.826,0.035,0.96,-0.08,0,1030.372,107.871,19.351,0.016,0.95,-0.03,0,1030.378,110.622,18.359,0.014,0.83,-0.02,0,1029.818,114.417,17.827,0.026,0.72,-0.09,0
17,2141,40,4,334,151.35810397,0.17450651,9999.99,9999.99,99.999,9.999,9.99,9.99,9,1664.935,120.152,23.624,0.368,0.88,-1.81,0,1663.394,109.585,22.117,0.158,1.13,0.43,0,1663.543,112.495,20.267,0.038,0.73,0.04,0,1662.978,116.202,19.028,0.087,0.72,-0.62,0
18,2141,40,4,5,151.35817672,-0.00684643,9999.99,9999.99,99.999,9.999,9.99,9.99,9,15.633,120.761,22.908,0.173,0.81,-0.17,0,14.854,110.617,21.443,0.082,1.07,0.68,0,14.631,113.112,20.447,0.076,1.27,0.58,0,14.081,117.047,19.804,0.128,0.54,0.52,0
19,2141,40,4,313,151.35845149,0.15413949,9999.99,9999.99,99.999,9.999,9.99,9.99,9,1479.711,123.309,22.308,0.133,1.1,-0.06,0,1478.256,112.79,21.835,0.104,0.94,0.11,0,1478.362,115.653,21.74,0.176,0.96,1.14,0,9999.99,9999.99,99.999,9.999,9.99,9.99,9
20,2141,40,4,294,151.35891776,0.13472567,9999.99,9999.99,99.999,9.999,9.99,9.99,9,1303.134,127.547,21.623,0.062,0.92,-0.21,0,1301.761,117.073,20.785,0.037,0.82,0.04,0,1301.828,119.891,20.458,0.058,0.97,-0.07,0,1301.267,123.649,20.792,0.392,0.73,-0.88,0
21,2141,40,4,39,151.35972785,0.02391615,298.614,131.672,21.635,0.291,0.51,1.87,0,295.288,134.883,20.641,0.08,2.59,1.91,0,294.381,124.67,20.265,0.107,3.49,1.74,0,294.222,127.233,20.14,0.129,2.79,1.21,0,293.671,131.131,19.991,0.184,0.72,2.06,0
22,2141,40,4,372,151.3606174,0.20593924,1952.199,139.543,21.824,0.26,0.5,-1.48,0,1950.723,143.0,20.751,0.027,0.82,-0.17,0,1949.052,132.364,20.263,0.036,1.17,0.12,0,1949.266,135.342,20.061,0.043,0.96,0.01,0,1948.702,139.012,19.83,0.199,0.73,-1.36,0
23,2141,40,4,374,151.36128858,0.20882794,9999.99,9999.99,99.999,9.999,9.99,9.99,9,1976.982,149.101,21.29,0.055,1.05,-0.45,0,1975.299,138.459,20.024,0.028,1.03,0.06,0,1975.519,141.443,19.4,0.029,1.04,-0.1,0,1974.956,145.11,19.178,0.16,1.01,-2.45,0
24,2141,40,4,310,151.36180538,0.15153117,9999.99,9999.99,99.999,9.999,9.99,9.99,9,1455.985,153.789,22.522,0.169,1.14,1.43,0,1454.544,143.282,20.889,0.087,1.78,1.08,0,1454.646,146.134,20.502,0.096,1.53,0.71,0,1454.089,149.873,19.972,0.189,0.71,0.88,0
25,2141,40,4,281,151.36348923,0.12066051,1177.533,165.748,18.231,0.013,0.61,0.15,0,1175.193,169.091,16.804,0.004,0.93,-0.04,0,1173.883,158.659,16.332,0.007,1.09,0.02,0,1173.922,161.439,16.168,0.008,0.88,-0.01,0,1173.369,165.217,16.108,0.011,0.94,-0.1,0
26,2141,40,4,297,151.36402142,0.13733583,1329.042,170.562,20.732,0.082,0.49,1.13,0,1326.871,173.928,19.174,0.047,3.97,1.47,0,1325.491,163.458,18.371,0.068,6.44,1.37,0,1325.565,166.275,17.998,0.072,4.98,0.81,0,1325.012,170.033,17.833,0.049,1.27,0.61,0
27,2141,40,4,222,151.36413555,0.08603985,862.968,171.666,21.956,0.223,0.42,0.57,0,860.276,174.962,20.782,0.034,0.98,-0.18,0,859.111,164.612,20.526,0.041,1.11,0.13,0,859.08,167.311,20.381,0.043,0.78,0.02,0,858.531,171.134,20.824,0.31,0.59,-0.61,0
28,2141,40,4,257,151.36415441,0.10548626,1039.658,171.813,21.409,0.132,0.44,0.4,0,1037.163,175.135,19.868,0.019,1.03,0.01,0,1035.918,164.74,19.296,0.016,0.96,-0.02,0,1035.926,167.484,19.032,0.022,0.96,0.04,0,1035.376,171.282,18.877,0.061,0.68,-0.26,0
29,2141,40,4,335,151.3648438,0.17470449,1668.52,177.988,20.996,0.089,0.4,-0.19,0,1666.729,181.404,20.061,0.022,1.1,-0.04,0,1665.193,170.848,19.775,0.022,0.97,0.11,0,1665.343,173.75,19.643,0.028,0.85,0.0,0,1664.789,177.461,19.642,0.16,0.77,-1.45,0
30,2141,40,4,212,151.36498861,0.08335998,838.617,179.422,21.543,0.156,0.43,-0.38,0,835.898,182.714,20.517,0.029,1.05,-0.03,0,834.746,172.372,20.269,0.033,1.08,0.09,0,834.709,175.064,20.06,0.036,0.83,0.05,0,834.161,178.891,20.3,0.204,0.64,0.01,0
31,2141,40,4,220,151.36552981,0.08581109,860.887,184.337,21.406,0.124,0.4,0.54,0,858.193,187.633,19.952,0.02,1.04,-0.29,0,857.031,177.286,19.195,0.014,0.92,0.02,0,856.999,179.983,18.94,0.016,0.75,-0.03,0,856.453,183.807,18.804,0.054,0.65,-0.12,0
32,2141,40,4,182,151.36572276,0.07655785,776.813,186.101,21.722,0.162,0.38,0.1,0,774.026,189.385,20.545,0.029,1.0,0.25,0,772.903,179.06,20.27,0.031,0.98,-0.03,0,772.852,181.735,20.158,0.034,0.72,-0.02,0,772.306,185.571,19.91,0.141,0.63,-0.26,0
33,2141,40,4,29,151.36611674,0.01753817,9999.99,9999.99,99.999,9.999,9.99,9.99,9,237.293,192.94,21.329,0.063,1.19,0.63,0,236.418,182.754,20.438,0.045,1.27,0.66,0,236.246,185.294,19.994,0.052,1.25,0.45,0,235.706,189.205,19.512,0.111,0.66,0.34,0
34,2141,40,4,143,151.36612242,0.07128095,9999.99,9999.99,99.999,9.999,9.99,9.99,9,726.028,193.016,19.773,0.021,1.26,-0.19,0,724.928,182.704,18.29,0.011,1.04,-0.04,0,724.866,185.367,16.752,0.008,0.8,-0.03,0,724.322,189.21,15.914,0.008,0.7,0.04,0
35,2141,40,4,16,151.36633361,0.0006549,9999.99,9999.99,99.999,9.999,9.99,9.99,9,83.809,194.897,21.852,0.078,0.94,-0.09,0,83.005,184.751,20.714,0.045,1.03,0.11,0,82.799,187.252,20.201,0.041,0.85,0.09,0,82.26,191.184,19.907,0.14,0.55,-0.34,0
36,2141,40,4,278,151.3672425,0.11862336,1159.019,199.86,22.159,0.284,0.48,0.03,0,1156.66,203.201,21.414,0.072,1.29,0.94,0,1155.361,192.78,21.168,0.076,1.23,0.74,0,1155.397,195.55,20.822,0.085,1.05,0.33,0,9999.99,9999.99,99.999,9.999,9.99,9.99,9
37,2141,40,4,91,151.36766323,0.05950906,621.917,203.754,21.782,0.232,0.48,-0.1,0,618.958,207.015,20.73,0.029,0.87,-0.12,0,617.908,196.734,20.457,0.038,1.08,-0.17,0,617.822,199.368,20.281,0.047,0.92,0.12,0,617.281,203.226,20.068,0.155,0.56,0.88,0
38,2141,40,4,389,151.3677807,0.21624244,9999.99,9999.99,99.999,9.999,9.99,9.99,9,2044.371,208.103,22.579,0.149,0.99,0.61,0,2042.663,197.456,20.854,0.045,0.93,-0.03,0,2042.899,200.448,19.882,0.036,0.92,-0.11,0,2042.346,204.11,19.332,0.16,0.91,-1.32,0
39,2141,40,4,188,151.36789392,0.07715083,782.198,205.831,21.973,0.228,0.43,0.7,0,779.418,209.116,20.345,0.022,0.89,-0.08,0,778.294,198.794,19.878,0.026,1.09,0.01,0,778.245,201.468,19.628,0.028,0.86,0.01,0,777.703,205.304,19.579,0.11,0.66,0.0,0
40,2141,40,4,201,151.368071,0.0802176,810.061,207.437,22.041,0.212,0.36,1.2,0,807.313,210.726,20.882,0.034,0.92,0.07,0,806.176,200.397,20.334,0.031,0.97,0.09,0,806.133,203.078,19.97,0.034,0.85,0.0,0,805.591,206.911,19.804,0.133,0.64,-0.7,0
41,2141,40,4,238,151.36827881,0.09521943,946.367,209.307,16.844,0.006,0.62,0.01,0,943.77,212.617,15.735,0.005,1.42,0.01,0,942.571,202.253,15.397,0.006,1.12,0.0,0,942.559,204.968,15.273,0.004,0.52,0.01,0,942.016,208.782,15.28,0.008,0.87,0.01,0
42,2141,40,4,113,151.36930326,0.06653721,685.766,218.65,21.519,0.14,0.36,1.44,0,682.879,221.922,17.473,0.018,2.79,0.09,0,681.801,211.627,15.87,0.028,4.12,0.35,1,681.73,214.275,14.682,0.026,1.43,-0.04,1,681.191,218.126,14.072,0.013,1.98,0.04,0
43,2141,40,4,118,151.36991472,0.06703495,690.287,224.207,16.941,0.006,0.54,0.0,0,687.405,227.479,14.466,0.007,2.19,-0.08,0,9999.99,9999.99,99.999,9.999,9.99,9.99,9,9999.99,9999.99,99.999,9.999,9.99,9.99,9,685.718,223.683,12.659,0.014,2.75,0.09,0
44,2141,40,4,103,151.36994133,0.06263912,650.35,224.454,21.823,0.259,0.53,-0.23,0,647.424,227.72,20.567,0.029,0.99,-0.33,0,646.363,217.435,19.941,0.022,0.89,-0.01,0,646.284,220.074,19.638,0.026,0.81,-0.07,0,645.746,223.93,19.513,0.106,0.67,-0.17,0
45,2141,40,4,130,151.36998871,0.0697074,714.567,224.876,21.72,0.188,0.43,0.09,0,711.712,228.152,20.636,0.041,1.34,0.52,0,710.622,217.851,20.268,0.037,1.2,0.13,0,710.557,220.505,20.109,0.048,1.05,-0.11,0,710.019,224.352,20.093,0.169,0.64,-0.47,0
46,2141,40,4,185,151.37013944,0.07681647,9999.99,9999.99,99.999,9.999,9.99,9.99,9,776.374,229.523,20.52,0.03,1.07,-0.15,0,775.254,219.206,19.944,0.026,1.05,0.11,0,775.204,221.876,19.619,0.023,0.74,-0.03,0,774.666,225.715,19.583,0.117,0.7,0.2,0
47,2141,40,4,151,151.37066712,0.07234407,9999.99,9999.99,99.999,9.999,9.99,9.99,9,735.695,234.318,22.03,0.09,0.95,0.23,0,734.593,224.012,21.562,0.115,1.31,0.1,0,734.535,226.671,21.54,0.108,0.71,-0.09,0,9999.99,9999.99,99.999,9.999,9.99,9.99,9
48,2141,40,4,104,151.3713207,0.06270667,650.962,236.988,21.643,0.242,0.59,-0.98,0,648.037,240.255,20.692,0.035,1.07,-0.24,0,646.977,229.973,20.351,0.035,1.07,-0.21,0,646.899,232.609,20.139,0.036,0.78,-0.1,0,646.363,236.467,19.861,0.137,0.62,-0.21,0
49,2141,40,4,349,151.37143711,0.18498806,9999.99,9999.99,99.999,9.999,9.99,9.99,9,1760.233,241.324,23.539,0.382,1.02,1.28,0,1758.659,230.757,21.819,0.113,1.04,0.37,0,1758.831,233.673,20.926,0.056,0.62,0.03,0,1758.286,237.376,20.188,0.285,0.81,-0.4,0
50,2141,40,4,164,151.37205281,0.07357018,9999.99,9999.99,99.999,9.999,9.99,9.99,9,746.846,246.912,22.038,0.095,0.99,0.17,0,745.74,236.605,21.58,0.071,0.8,-0.14,0,745.684,239.266,21.09,0.072,0.71,-0.06,0,745.149,243.11,20.698,0.322,0.69,1.33,0
51,2141,40,4,303,151.37237734,0.14265575,9999.99,9999.99,99.999,9.999,9.99,9.99,9,1375.251,249.866,22.352,0.127,1.01,-0.09,0,1373.856,239.399,21.298,0.074,1.07,0.36,0,1373.941,242.217,20.985,0.075,0.8,0.14,0,1373.401,245.974,20.663,0.273,0.56,1.0,0
52,2141,40,4,317,151.37292183,0.1558288,9999.99,9999.99,99.999,9.999,9.99,9.99,9,1495.062,254.815,21.752,0.081,1.09,-0.4,0,1493.612,244.318,20.368,0.036,1.1,-0.1,0,1493.724,247.166,19.216,0.026,1.05,0.03,0,1493.184,250.907,18.553,0.049,0.67,-0.1,0
53,2141,40,4,155,151.37339751,0.07259873,740.831,255.85,21.724,0.201,0.47,-0.14,0,738.008,259.131,20.617,0.029,0.94,-0.07,0,736.908,248.83,20.247,0.025,0.82,-0.04,0,736.85,251.486,20.037,0.043,1.0,0.01,0,736.317,255.332,20.416,0.217,0.59,-0.23,0
54,2141,40,4,162,151.37346235,0.07328212,9999.99,9999.99,99.999,9.999,9.99,9.99,9,744.224,259.721,21.393,0.061,1.09,0.17,0,743.121,249.418,20.92,0.046,0.9,0.11,0,743.064,252.076,20.594,0.055,0.83,0.24,0,742.531,255.922,20.361,0.192,0.56,-0.34,0
55,2141,40,4,134,151.37356347,0.07002157,717.416,257.361,21.659,0.171,0.42,-0.42,0,714.567,260.639,20.287,0.024,1.02,-0.08,0,713.478,250.344,20.192,0.031,1.06,-0.11,0,713.415,252.994,20.203,0.026,0.55,-0.05,0,712.882,256.844,20.18,0.166,0.57,-0.2,0
56,2141,40,4,214,151.3737124,0.08390262,9999.99,9999.99,99.999,9.999,9.99,9.99,9,840.827,261.995,21.836,0.085,1.06,0.12,0,839.679,251.668,20.391,0.033,0.99,-0.15,0,839.645,254.35,19.717,0.032,0.88,-0.09,0,839.111,258.182,19.209,0.093,0.76,0.21,0
57,2141,40,4,237,151.37377465,0.09425005,937.55,259.252,21.134,0.13,0.55,0.0,0,934.948,262.562,19.105,0.013,1.09,-0.09,0,933.757,252.211,18.315,0.015,1.4,-0.04,0,933.743,254.916,17.956,0.011,0.74,-0.01,0,933.209,258.736,17.803,0.024,0.64,-0.04,0
58,2141,40,4,265,151.37391152,0.11069537,9999.99,9999.99,99.999,9.999,9.99,9.99,9,1084.539,263.808,21.33,0.059,1.12,0.54,0,1083.279,253.418,19.99,0.047,1.84,0.74,0,1083.3,256.161,19.535,0.059,1.92,0.5,0,1082.764,259.96,19.215,0.099,0.79,0.71,0
59,2141,40,4,206,151.37464632,0.08165984,823.156,267.189,21.847,0.207,0.44,0.84,0,820.426,270.483,20.292,0.026,1.1,0.32,0,819.288,260.162,19.645,0.027,1.36,0.28,0,819.25,262.837,19.434,0.038,1.3,0.21,0,818.718,266.673,19.321,0.102,0.77,0.54,0
60,2141,40,4,172,151.37485037,0.07455078,9999.99,9999.99,99.999,9.999,9.99,9.99,9,755.762,272.335,21.343,0.078,1.47,1.39,0,754.655,262.032,20.891,0.088,1.76,0.95,0,754.601,264.691,20.662,0.095,1.35,0.8,0,754.071,268.535,20.627,0.305,0.69,0.39,0
61,2141,40,4,122,151.37489246,0.06774006,696.686,269.442,21.641,0.175,0.44,0.03,0,693.815,272.717,20.616,0.03,0.98,0.14,0,692.736,262.429,19.975,0.028,1.13,-0.1,0,692.669,265.073,19.677,0.033,1.0,-0.11,0,692.138,268.926,19.632,0.101,0.57,-0.2,0
62,2141,40,4,128,151.37510851,0.06957995,9999.99,9999.99,99.999,9.999,9.99,9.99,9,710.549,274.681,21.906,0.071,0.83,0.43,0,709.463,264.389,21.729,0.105,1.04,0.29,0,709.399,267.037,21.488,0.129,0.9,-0.06,0,9999.99,9999.99,99.999,9.999,9.99,9.99,9
63,2141,40,4,51,151.37527136,0.03461075,395.727,272.917,21.863,0.275,0.49,-0.23,0,392.519,276.147,20.641,0.028,0.9,-0.47,0,391.58,265.938,19.998,0.028,1.12,-0.06,0,391.444,268.505,19.698,0.027,0.8,-0.01,0,390.917,272.4,19.606,0.119,0.66,-0.01,0
64,2141,40,4,362,151.37541697,0.19612605,9999.99,9999.99,99.999,9.999,9.99,9.99,9,1861.497,277.496,22.552,0.152,1.0,-0.69,0,1859.88,266.909,21.402,0.078,1.01,0.05,0,1860.075,269.845,20.706,0.058,0.78,-0.11,0,1859.536,273.538,20.163,0.268,0.77,-0.22,0
65,2141,40,4,199,151.37550908,0.07945399,803.112,275.032,22.354,0.36,0.48,-1.68,0,800.36,278.323,21.075,0.039,0.92,-0.08,0,799.233,268.009,20.582,0.035,0.91,0.07,0,799.19,270.679,20.38,0.049,0.86,-0.18,0,798.659,274.518,20.0,0.165,0.67,-0.31,0
66,2141,40,4,240,151.37558253,0.09569023,9999.99,9999.99,99.999,9.999,9.99,9.99,9,948.046,278.992,22.182,0.124,1.16,0.47,0,946.851,268.641,20.882,0.052,1.05,0.09,0,946.841,271.347,20.065,0.038,0.87,0.08,0,946.309,275.166,19.531,0.1,0.62,0.78,0
67,2141,40,4,296,151.37588994,0.13691839,1325.231,278.42,21.282,0.119,0.44,0.08,0,1323.063,281.789,19.726,0.056,3.39,1.68,0,1321.695,271.341,18.678,0.075,6.2,1.49,0,1321.769,274.141,18.205,0.083,5.32,0.96,0,1321.235,277.909,17.99,0.061,1.41,0.91,0
68,2141,40,4,97,151.37601778,0.06042587,630.234,279.676,22.122,0.278,0.43,-0.72,0,627.289,282.942,20.515,0.033,1.19,0.09,0,626.242,272.673,19.891,0.023,0.99,-0.15,0,626.16,275.298,19.58,0.026,0.85,-0.15,0,625.632,279.162,19.53,0.1,0.62,-0.21,0
69,2141,40,4,327,151.37644506,0.16475818,1578.152,283.427,17.311,0.016,1.21,-0.26,0,1576.268,286.834,16.137,0.008,1.93,0.0,0,1574.783,276.323,15.732,0.006,1.15,-0.01,0,1574.914,279.186,15.574,0.004,0.44,-0.01,0,1574.379,282.919,15.518,0.031,3.2,-0.46,0
70,2141,40,4,233,151.3764964,0.09158135,913.299,283.99,21.429,0.162,0.52,-0.01,0,910.671,287.297,20.438,0.028,1.07,0.13,0,909.493,276.957,19.969,0.025,1.01,-0.03,0,909.475,279.653,19.753,0.03,0.86,0.0,0,908.945,283.477,19.609,0.087,0.5,-0.19,0
71,2141,40,4,106,151.37650354,0.06357922,658.881,284.087,22.096,0.266,0.43,-0.46,0,655.968,287.357,21.9,0.095,1.12,0.58,0,654.909,277.082,21.73,0.09,0.9,0.48,0,654.833,279.714,21.336,0.119,0.94,-0.02,0,9999.99,9999.99,99.999,9.999,9.99,9.99,9
72,2141,40,4,121,151.37653084,0.06750402,9999.99,9999.99,99.999,9.999,9.99,9.99,9,691.666,287.606,22.044,0.11,1.14,0.35,0,690.59,277.322,21.421,0.071,0.92,0.02,0,690.522,279.962,21.282,0.116,0.97,0.24,0,689.994,283.817,20.937,0.369,0.62,0.99,0
73,2141,40,4,98,151.37683808,0.0605823,631.654,287.13,21.92,0.229,0.43,0.69,0,628.711,290.396,20.835,0.039,1.11,-0.24,0,627.664,280.129,20.614,0.04,0.99,-0.13,0,627.583,282.753,20.489,0.047,0.78,0.02,0,627.056,286.617,20.58,0.288,0.68,0.82,0
74,2141,40,4,161,151.37687119,0.07304357,744.867,287.418,21.617,0.186,0.48,0.56,0,742.051,290.7,20.58,0.034,1.14,0.1,0,740.952,280.404,20.253,0.028,0.91,0.12,0,740.896,283.057,20.132,0.04,0.88,0.0,0,740.368,286.905,20.096,0.162,0.6,0.4,0
75,2141,40,4,131,151.37690476,0.06981041,715.493,287.726,20.581,0.08,0.52,-0.15,0,712.644,291.005,18.508,0.009,1.09,-0.04,0,711.558,280.716,17.621,0.008,0.93,0.0,0,711.495,283.361,17.291,0.008,0.68,-0.03,0,710.968,287.214,17.137,0.014,0.64,0.02,0
76,2141,40,4,49,151.37715136,0.03169528,9999.99,9999.99,99.999,9.999,9.99,9.99,9,366.006,293.232,22.565,0.175,1.15,-0.42,0,365.081,283.032,21.255,0.051,0.77,-0.35,0,364.94,285.59,19.914,0.036,0.92,-0.04,0,364.416,289.49,19.206,0.089,0.7,0.0,0
77,2141,40,4,352,151.37723398,0.19012981,9999.99,9999.99,99.999,9.999,9.99,9.99,9,1806.979,294.008,20.602,0.03,0.99,-0.06,0,1805.388,283.438,19.655,0.02,0.97,-0.01,0,1805.571,286.358,19.266,0.018,0.69,0.04,0,1805.035,290.06,19.056,0.108,0.87,-0.3,0
78,2141,40,4,187,151.37724133,0.07703959,781.173,290.777,21.829,0.2,0.43,-0.88,0,778.398,294.065,20.831,0.03,0.82,-0.17,0,777.282,283.76,20.427,0.039,1.12,-0.07,0,777.234,286.421,20.305,0.054,1.03,0.09,0,776.707,290.265,20.185,0.206,0.71,-0.09,0
79,2141,40,4,242,151.37752718,0.09630881,9999.99,9999.99,99.999,9.999,9.99,9.99,9,953.671,296.666,22.685,0.156,0.93,0.32,0,952.475,286.316,21.1,0.059,1.02,-0.23,0,952.466,289.021,20.88,0.078,0.9,-0.26,0,951.938,292.841,20.549,0.21,0.51,0.31,0
80,2141,40,4,231,151.37759192,0.09021928,900.921,293.946,20.772,0.092,0.52,-0.55,0,898.28,297.253,19.51,0.013,0.92,-0.02,0,897.109,286.918,18.953,0.015,1.11,-0.07,0,897.088,289.609,18.73,0.017,0.88,0.07,0,896.56,293.436,18.625,0.047,0.61,-0.11,0
81,2141,40,4,174,151.37829341,0.07477575,9999.99,9999.99,99.999,9.999,9.99,9.99,9,757.806,303.626,21.56,0.079,1.25,0.86,0,756.7,293.328,21.379,0.083,1.11,0.21,0,756.648,295.983,21.145,0.109,1.02,0.35,0,756.122,299.83,20.768,0.327,0.65,1.01,0
82,2141,40,4,119,151.37837673,0.06733365,692.988,301.106,21.124,0.11,0.44,0.06,0,690.115,304.381,18.995,0.01,0.93,-0.09,0,689.041,294.101,18.107,0.009,0.95,-0.07,0,688.973,296.739,17.736,0.01,0.73,-0.03,0,688.448,300.595,17.519,0.021,0.72,0.13,0
83,2141,40,4,239,151.37862904,0.09526922,946.803,303.366,22.485,0.327,0.39,0.42,0,944.214,306.679,21.071,0.042,0.98,-0.11,0,943.023,296.334,20.424,0.033,0.97,0.05,0,943.012,299.035,20.172,0.042,0.88,0.07,0,942.485,302.857,20.232,0.209,0.69,-0.86,0
84,2141,40,4,191,151.37864176,0.07775422,787.664,303.502,22.251,0.353,0.52,0.59,0,784.896,306.792,21.144,0.055,1.22,0.28,0,783.779,296.488,20.634,0.043,1.07,0.1,0,783.732,299.149,20.361,0.037,0.68,-0.03,0,783.207,302.992,20.295,0.173,0.54,0.34,0
85,2141,40,4,273,151.37870294,0.11585937,1133.887,304.011,21.015,0.103,0.49,-0.3,0,1131.508,307.352,18.879,0.011,1.08,-0.02,0,1130.23,296.959,18.011,0.011,1.15,0.03,0,1130.262,299.707,17.678,0.011,0.84,-0.04,0,1129.733,303.503,17.515,0.02,0.69,0.01,0
86,2141,40,4,107,151.37872056,0.06414462,9999.99,9999.99,99.999,9.999,9.99,9.99,9,661.11,307.505,21.974,0.085,0.93,0.05,0,660.049,297.233,21.35,0.087,1.2,-0.15,0,659.975,299.863,20.999,0.086,0.93,-0.03,0,659.451,303.723,21.028,0.335,0.51,-0.07,0
87,2141,40,4,180,151.37877283,0.07609807,9999.99,9999.99,99.999,9.999,9.99,9.99,9,769.833,307.983,21.556,0.07,1.06,0.06,0,768.722,297.683,21.086,0.053,0.9,0.24,0,768.673,300.341,20.727,0.064,0.87,-0.02,0,768.148,304.186,20.429,0.2,0.55,0.01,0
88,2141,40,4,200,151.37878413,0.08014894,9999.99,9999.99,99.999,9.999,9.99,9.99,9,806.679,308.087,21.331,0.057,1.09,0.13,0,805.551,297.777,20.872,0.058,1.2,0.06,0,805.51,300.444,20.759,0.07,0.92,0.26,0,804.984,304.284,21.051,0.393,0.57,0.19,0
89,2141,40,4,4,151.37904007,-0.00694941,9999.99,9999.99,99.999,9.999,9.99,9.99,9,14.679,310.365,22.638,0.175,1.07,0.21,0,13.917,300.26,21.231,0.057,0.9,0.08,0,13.698,302.727,20.083,0.04,0.89,0.01,0,13.18,306.677,19.424,0.116,0.68,-0.46,0
90,2141,40,4,147,151.37937815,0.07146727,730.542,310.201,21.254,0.13,0.47,0.37,0,727.712,313.483,19.215,0.015,1.14,-0.11,0,726.621,303.195,18.416,0.01,0.92,-0.03,0,726.562,305.841,18.059,0.013,0.83,-0.04,0,726.038,309.693,17.86,0.023,0.6,-0.01,0
91,2141,40,4,33,151.37965954,0.01864802,9999.99,9999.99,99.999,9.999,9.99,9.99,9,247.371,316.017,20.553,0.032,1.09,-0.15,0,246.503,305.853,19.377,0.016,0.92,-0.11,0,246.336,308.377,18.925,0.019,0.9,-0.01,0,245.816,312.296,18.636,0.045,0.58,0.05,0
92,2141,40,4,145,151.37971224,0.07137213,729.677,313.237,21.451,0.142,0.42,-0.32,0,726.846,316.519,20.055,0.026,1.08,-0.13,0,725.756,306.232,19.356,0.018,0.9,-0.02,0,725.697,308.877,19.021,0.023,0.91,-0.08,0,725.173,312.729,18.839,0.055,0.61,-0.07,0
93,2141,40,4,177,151.37973435,0.07562336,9999.99,9999.99,99.999,9.999,9.99,9.99,9,765.514,316.721,21.908,0.085,1.0,0.42,0,764.406,306.424,21.502,0.089,1.08,0.34,0,764.355,309.079,21.307,0.086,0.7,0.22,0,9999.99,9999.99,99.999,9.999,9.99,9.99,9
94,2141,40,4,290,151.37993184,0.13079817,1269.619,315.158,17.232,0.008,0.62,-0.03,0,1267.392,318.52,15.909,0.007,1.67,0.0,0,1266.052,308.095,15.472,0.003,0.62,0.01,0,1266.115,310.875,15.316,0.004,0.52,0.0,0,1265.587,314.653,15.282,0.013,1.47,-0.14,0
95,2141,40,4,215,151.38005248,0.08426971,9999.99,9999.99,99.999,9.999,9.99,9.99,9,844.16,319.614,21.665,0.063,0.92,-0.1,0,843.016,309.297,21.038,0.048,0.84,-0.19,0,842.984,311.971,20.905,0.074,0.86,-0.04,0,842.46,315.808,20.684,0.324,0.68,-0.48,0
96,2141,40,4,351,151.38040078,0.18894586,9999.99,9999.99,99.999,9.999,9.99,9.99,9,1796.212,322.787,21.061,0.048,1.13,1.02,0,1794.628,312.226,20.253,0.062,2.03,0.97,0,1794.81,315.139,19.856,0.06,1.55,0.56,0,1794.279,318.844,19.637,0.149,0.71,0.21,0
97,2141,40,4,361,151.38049157,0.19561879,1858.449,320.163,13.215,0.005,1.28,-0.02,0,9999.99,9999.99,99.999,9.999,9.99,9.99,9,9999.99,9999.99,99.999,9.999,9.99,9.99,9,9999.99,9999.99,99.999,9.999,9.99,9.99,9,1854.934,319.662,11.742,0.008,1.78,-0.04,0
98,2141,40,4,137,151.38065082,0.07067136,723.309,321.768,22.042,0.272,0.48,0.05,0,720.472,325.049,20.81,0.035,0.99,-0.16,0,719.385,314.765,20.639,0.047,1.14,-0.07,0,719.325,317.407,20.517,0.06,0.95,0.26,0,718.803,321.261,20.386,0.227,0.64,0.33,0
99,2141,40,4,66,151.38087664,0.04568092,9999.99,9999.99,99.999,9.999,9.99,9.99,9,493.184,327.093,20.498,0.025,0.89,-0.13,0,492.203,316.868,19.07,0.014,0.94,-0.02,0,492.091,319.453,18.109,0.012,0.79,-0.01,0,491.572,323.338,17.563,0.021,0.69,-0.06,0
100,2141,40,4,170,151.38122178,0.07436913,756.904,326.952,21.973,0.223,0.41,0.59,0,754.104,330.238,20.752,0.037,1.1,-0.1,0,753.003,319.947,20.148,0.03,1.03,0.01,0,752.95,322.596,19.799,0.035,0.96,0.02,0,752.429,326.446,19.744,0.105,0.54,0.57,0
101,2141,40,4,209,151.38131243,0.08181508,9999.99,9999.99,99.999,9.999,9.99,9.99,9,821.832,331.064,21.319,0.049,0.94,-0.42,0,820.699,320.755,20.612,0.04,0.97,0.22,0,820.662,323.422,20.41,0.043,0.76,-0.1,0,820.14,327.262,20.344,0.232,0.68,0.42,0
102,2141,40,4,192,151.38140304,0.07793462,789.298,328.595,22.069,0.267,0.46,0.03,0,786.535,331.886,20.595,0.029,0.96,0.07,0,785.419,321.587,20.294,0.032,1.0,0.06,0,785.373,324.245,20.264,0.044,0.86,-0.2,0,784.852,328.09,20.081,0.193,0.72,-0.08,0
103,2141,40,4,158,151.38143734,0.07269151,741.662,328.913,21.621,0.188,0.49,-0.09,0,738.845,332.197,20.224,0.024,1.07,0.02,0,737.751,321.91,20.089,0.026,0.94,0.22,0,737.695,324.556,20.08,0.048,1.08,0.06,0,737.174,328.408,19.857,0.141,0.65,-0.75,0
104,2141,40,4,146,151.38154727,0.07137874,729.734,329.914,21.047,0.134,0.58,-0.1,0,726.904,333.196,18.819,0.011,1.13,-0.08,0,725.816,322.912,17.846,0.008,0.93,0.01,0,725.757,325.555,17.463,0.01,0.83,-0.03,0,725.236,329.408,17.236,0.015,0.6,0.01,0
105,2141,40,4,150,151.38218092,0.07217125,9999.99,9999.99,99.999,9.999,9.99,9.99,9,734.113,338.955,22.21,0.115,1.03,-0.89,0,733.021,328.67,21.813,0.083,0.76,0.29,0,732.964,331.314,21.963,0.188,0.84,-0.05,0,732.445,335.167,20.869,0.327,0.58,0.08,0
106,2141,40,4,46,151.38240889,0.02925848,347.102,337.785,21.044,0.156,0.6,0.47,0,343.844,341.01,20.206,0.073,3.28,1.75,0,342.933,330.826,20.093,0.093,3.41,1.59,0,342.788,333.371,20.075,0.119,2.7,1.22,0,342.273,337.279,20.059,0.244,0.87,1.97,0
107,2141,40,4,123,151.38254179,0.06802996,9999.99,9999.99,99.999,9.999,9.99,9.99,9,696.444,342.233,21.585,0.066,1.01,-0.16,0,695.371,331.959,21.241,0.074,1.1,0.48,0,695.305,334.593,20.942,0.087,0.98,0.17,0,9999.99,9999.99,99.999,9.999,9.99,9.99,9
108,2141,40,4,166,151.3826319,0.07372557,751.055,339.768,22.209,0.306,0.46,-0.77,0,748.25,343.054,20.83,0.035,0.95,0.06,0,747.152,332.766,20.237,0.034,1.12,0.24,0,747.098,335.413,19.992,0.039,0.95,0.01,0,746.579,339.264,19.735,0.119,0.61,0.14,0
109,2141,40,4,142,151.38271581,0.07124841,728.549,340.533,21.508,0.169,0.48,0.2,0,725.718,343.815,19.73,0.017,1.0,0.04,0,724.631,333.534,19.027,0.011,0.78,-0.02,0,724.572,336.174,18.715,0.016,0.82,0.04,0,724.054,340.029,18.575,0.043,0.62,-0.11,0
110,2141,40,4,255,151.3828061,0.10478415,9999.99,9999.99,99.999,9.999,9.99,9.99,9,1030.761,344.64,21.23,0.045,0.94,-0.08,0,1029.533,334.281,20.818,0.055,1.17,0.22,0,1029.543,336.998,20.396,0.044,0.79,0.06,0,1029.022,340.811,20.128,0.176,0.63,-0.39,0
111,2141,40,4,249,151.38295261,0.09802804,971.864,342.653,19.93,0.038,0.44,0.16,0,969.306,345.972,17.29,0.009,1.59,-0.04,0,968.106,335.628,16.084,0.007,1.23,0.01,0,968.102,338.33,15.629,0.006,0.66,-0.01,0,967.582,342.151,15.383,0.007,0.74,0.03,0
112,2141,40,4,384,151.38315867,0.21424843,9999.99,9999.99,99.999,9.999,9.99,9.99,9,2026.233,347.856,19.431,0.012,0.86,-0.09,0,2024.546,337.242,18.085,0.009,0.94,0.02,0,2024.78,340.209,17.391,0.007,0.59,0.0,0,2024.251,343.884,16.955,0.08,3.3,-1.28,0
113,2141,40,4,203,151.38348247,0.08095113,9999.99,9999.99,99.999,9.999,9.99,9.99,9,813.971,350.784,22.026,0.097,1.03,0.49,0,812.844,340.482,21.563,0.099,1.14,0.47,0,812.805,343.144,21.36,0.126,0.98,0.12,0,9999.99,9999.99,99.999,9.999,9.99,9.99,9
114,2141,40,4,144,151.38366315,0.07130781,9999.99,9999.99,99.999,9.999,9.99,9.99,9,726.257,352.425,22.311,0.126,1.04,-0.46,0,725.171,342.145,21.518,0.101,1.2,-0.25,0,725.112,344.785,21.264,0.098,0.84,-0.16,0,724.595,348.64,20.767,0.332,0.65,-0.05,0
115,2141,40,4,287,151.38459001,0.1284694,9999.99,9999.99,99.999,9.999,9.99,9.99,9,1246.205,360.854,22.746,0.157,0.88,-0.07,0,1244.879,350.442,21.2,0.068,1.07,-0.14,0,1244.937,353.211,19.934,0.025,0.62,0.0,0,1244.417,356.995,19.19,0.083,0.67,-0.1,0
116,2141,40,4,109,151.38460218,0.06535035,9999.99,9999.99,99.999,9.999,9.99,9.99,9,672.071,360.957,21.737,0.074,1.0,0.06,0,671.01,350.693,21.286,0.062,0.9,0.13,0,670.939,353.318,20.941,0.075,0.84,-0.12,0,9999.99,9999.99,99.999,9.999,9.99,9.99,9
117,2141,40,4,156,151.38475997,0.07261499,9999.99,9999.99,99.999,9.999,9.99,9.99,9,738.147,362.393,22.383,0.14,1.09,-0.69,0,737.055,352.112,21.872,0.11,0.96,-0.33,0,737.0,354.753,21.797,0.183,0.97,-0.05,0,9999.99,9999.99,99.999,9.999,9.99,9.99,9
118,2141,40,4,133,151.38489875,0.07001946,9999.99,9999.99,99.999,9.999,9.99,9.99,9,714.538,363.653,21.136,0.05,1.11,-0.18,0,713.458,353.379,20.511,0.035,0.94,-0.18,0,713.397,356.014,20.19,0.046,0.95,-0.13,0,712.882,359.871,20.059,0.172,0.66,0.59,0
119,2141,40,4,55,151.38504099,0.03872389,433.073,361.696,20.593,0.096,0.55,-0.84,0,429.913,364.935,18.139,0.007,0.98,-0.09,0,428.965,354.734,17.071,0.005,0.69,-0.01,0,428.84,357.297,16.686,0.006,0.58,-0.01,0,428.327,361.194,16.446,0.009,0.64,-0.07,0
120,2141,40,4,114,151.38515265,0.06662137,9999.99,9999.99,99.999,9.999,9.99,9.99,9,683.63,365.96,22.038,0.095,0.98,0.48,0,682.565,355.694,21.81,0.112,1.03,-0.06,0,682.496,358.321,21.443,0.124,0.9,-0.55,0,9999.99,9999.99,99.999,9.999,9.99,9.99,9
121,2141,40,4,136,151.38539754,0.07043546,9999.99,9999.99,99.999,9.999,9.99,9.99,9,718.322,368.187,21.409,0.063,1.12,-0.15,0,717.24,357.912,20.879,0.049,0.94,-0.37,0,717.18,360.548,20.538,0.063,0.99,-0.2,0,716.666,364.405,20.444,0.266,0.71,-1.2,0
122,2141,40,4,368,151.38566374,0.201721,9999.99,9999.99,99.999,9.999,9.99,9.99,9,1912.353,370.619,22.499,0.133,0.94,-0.13,0,1910.721,360.038,21.054,0.053,0.94,-0.06,0,1910.929,362.973,20.131,0.04,0.86,-0.12,0,1910.405,366.666,19.594,0.135,0.64,-0.58,0
123,2141,40,4,99,151.38574632,0.06145488,9999.99,9999.99,99.999,9.999,9.99,9.99,9,636.639,371.354,21.842,0.074,0.91,0.06,0,635.596,361.101,21.34,0.062,0.86,0.15,0,635.518,363.715,21.193,0.084,0.76,0.43,0,9999.99,9999.99,99.999,9.999,9.99,9.99,9
124,2141,40,4,178,151.38581703,0.07564947,768.53,368.71,21.809,0.184,0.41,0.22,0,765.746,372.0,20.206,0.024,1.08,0.09,0,764.643,361.714,19.594,0.018,0.91,0.09,0,764.594,364.36,19.27,0.022,0.84,0.02,0,764.08,368.212,19.2,0.076,0.63,0.32,0
125,2141,40,4,154,151.38599706,0.07258717,740.707,370.35,22.027,0.277,0.49,-0.45,0,737.892,373.635,20.63,0.032,1.04,0.08,0,736.802,363.357,20.322,0.034,1.05,-0.04,0,736.747,365.996,20.277,0.056,1.09,0.17,0,736.233,369.852,20.278,0.181,0.56,-0.62,0
126,2141,40,4,21,151.38605876,0.01009369,173.044,370.965,20.028,0.08,0.7,0.27,0,169.594,374.166,18.815,0.057,5.86,1.76,0,168.767,364.034,18.253,0.076,7.54,1.58,0,168.583,366.53,17.906,0.088,6.27,1.03,0,168.074,370.464,17.736,0.059,1.54,0.82,0
127,2141,40,4,78,151.38607699,0.05386739,570.637,371.097,18.068,0.014,0.66,-0.1,0,567.631,374.357,16.941,0.007,1.32,0.06,0,566.62,364.122,16.537,0.007,1.03,0.04,0,566.526,366.719,16.394,0.007,0.72,0.01,0,566.014,370.598,16.352,0.008,0.59,-0.01,0
128,2141,40,4,186,151.38642657,0.0768738,779.653,374.248,21.928,0.228,0.46,-0.4,0,776.882,377.54,20.321,0.025,1.01,-0.04,0,775.774,367.252,19.668,0.018,0.87,-0.03,0,775.728,369.9,19.358,0.022,0.8,0.08,0,775.214,373.751,19.095,0.077,0.7,-0.1,0
129,2141,40,4,138,151.38654762,0.07088436,9999.99,9999.99,99.999,9.999,9.99,9.99,9,722.404,378.639,21.735,0.068,0.92,0.16,0,721.321,368.365,21.405,0.087,1.15,-0.06,0,721.262,371.0,21.082,0.095,0.95,-0.23,0,720.75,374.858,21.022,0.38,0.58,0.95,0
130,2141,40,4,360,151.38663748,0.19556294,9999.99,9999.99,99.999,9.999,9.99,9.99,9,1856.368,379.466,20.67,0.033,1.07,-0.35,0,1854.762,368.902,19.141,0.014,0.89,0.0,0,1854.958,371.821,18.278,0.016,1.0,-0.01,0,1854.437,375.523,17.696,0.053,1.35,-0.74,0
131,2141,40,4,316,151.38684997,0.15517846,1491.11,377.996,21.833,0.233,0.51,1.59,0,1489.136,381.393,20.981,0.1,2.53,2.47,0,1487.699,370.923,20.284,0.111,3.6,1.65,0,1487.813,373.75,20.027,0.115,2.66,1.08,0,1487.294,377.502,19.432,0.098,0.61,0.69,0
132,2141,40,4,323,151.38692458,0.16404913,9999.99,9999.99,99.999,9.999,9.99,9.99,9,1569.81,382.071,22.84,0.235,1.2,0.69,0,1568.337,371.581,21.046,0.046,0.84,0.04,0,1568.468,374.428,20.275,0.033,0.64,-0.04,0,1567.949,378.169,19.823,0.154,0.67,0.02,0
133,2141,40,4,183,151.38697033,0.07671068,778.169,379.19,21.649,0.18,0.46,0.19,0,775.397,382.482,19.721,0.016,0.95,0.02,0,774.291,372.195,19.056,0.013,0.87,0.11,0,774.243,374.843,18.735,0.019,0.97,0.03,0,773.731,378.694,18.547,0.034,0.51,0.03,0
134,2141,40,4,167,151.38716407,0.07391501,752.769,380.954,21.581,0.15,0.4,0.05,0,749.969,384.242,20.208,0.021,0.89,-0.14,0,748.874,373.962,19.531,0.017,0.91,-0.03,0,748.821,376.603,19.198,0.023,0.94,-0.1,0,748.309,380.457,19.04,0.06,0.57,-0.01,0
135,2141,40,4,181,151.38783207,0.07623597,773.855,387.022,21.603,0.141,0.38,-0.25,0,771.078,390.312,19.61,0.015,0.97,-0.04,0,769.975,380.029,18.807,0.014,1.06,0.08,0,769.927,382.674,18.502,0.017,0.96,-0.03,0,769.416,386.526,18.328,0.028,0.51,0.12,0
136,2141,40,4,132,151.38795338,0.06996569,9999.99,9999.99,99.999,9.999,9.99,9.99,9,714.046,391.414,21.351,0.065,1.21,0.04,0,712.969,381.145,20.787,0.041,0.9,0.2,0,712.908,383.776,20.515,0.044,0.71,-0.04,0,712.398,387.636,20.448,0.24,0.64,-0.74,0
137,2141,40,4,184,151.38803472,0.07671553,778.212,388.862,22.312,0.318,0.44,-0.7,0,775.44,392.154,21.313,0.05,0.93,0.26,0,774.335,381.87,20.983,0.066,1.19,0.71,0,774.288,384.516,20.603,0.076,1.13,0.28,0,773.777,388.367,20.433,0.253,0.68,0.38,0
138,2141,40,4,115,151.3883095,0.06662711,9999.99,9999.99,99.999,9.999,9.99,9.99,9,683.68,394.65,21.506,0.07,1.15,0.05,0,682.617,384.389,21.007,0.061,1.11,-0.06,0,682.549,387.012,20.76,0.068,0.89,0.01,0,682.04,390.876,20.646,0.258,0.56,0.02,0
139,2141,40,4,111,151.38835454,0.06585263,679.518,391.782,21.474,0.15,0.45,0.34,0,676.636,395.059,19.838,0.016,0.93,0.02,0,675.576,384.8,19.118,0.013,0.87,0.01,0,675.507,387.421,18.798,0.015,0.73,0.0,0,674.997,391.287,18.674,0.043,0.56,-0.04,0
140,2141,40,4,219,151.38840196,0.08506708,9999.99,9999.99,99.999,9.999,9.99,9.99,9,851.406,395.493,20.969,0.033,0.83,0.07,0,850.265,385.19,20.384,0.036,1.09,-0.14,0,850.236,387.854,20.082,0.037,0.84,0.04,0,849.725,391.696,19.801,0.152,0.74,-0.19,0
141,2141,40,4,189,151.38889152,0.07721952,782.79,396.648,21.831,0.199,0.43,-0.25,0,780.024,399.941,20.622,0.036,1.2,-0.06,0,778.917,389.657,20.305,0.041,1.31,-0.03,0,778.871,392.303,20.127,0.037,0.81,0.05,0,778.362,396.154,19.793,0.116,0.55,0.2,0
142,2141,40,4,173,151.38928541,0.07459247,758.921,400.231,21.989,0.216,0.4,-0.18,0,756.128,403.52,20.729,0.034,1.05,0.17,0,755.033,393.243,20.467,0.032,0.89,0.01,0,754.981,395.882,20.241,0.04,0.79,0.06,0,754.473,399.737,20.689,0.268,0.57,0.38,0
143,2141,40,4,250,151.38929102,0.10140004,1002.492,400.249,19.818,0.046,0.61,0.01,0,999.973,403.574,19.644,0.017,1.07,0.07,0,998.764,393.235,19.364,0.018,1.07,0.14,0,998.768,395.935,19.328,0.025,0.94,0.17,0,998.257,399.757,19.339,0.091,0.66,0.61,0
144,2141,40,4,165,151.38938035,0.073667,9999.99,9999.99,99.999,9.999,9.99,9.99,9,747.711,404.383,21.805,0.084,1.08,-0.15,0,746.619,394.108,21.388,0.075,1.0,0.11,0,746.566,396.745,21.011,0.088,0.94,0.11,0,9999.99,9999.99,99.999,9.999,9.99,9.99,9
145,2141,40,4,68,151.38996154,0.04806358,517.906,406.404,22.284,0.3,0.41,0.43,0,514.844,409.657,22.305,0.14,1.17,-0.71,0,513.861,399.443,22.137,0.143,0.98,-0.67,0,513.755,402.021,21.623,0.163,1.02,-0.55,0,9999.99,9999.99,99.999,9.999,9.99,9.99,9
146,2141,40,4,148,151.39093242,0.07171474,732.773,415.202,21.756,0.207,0.46,-0.84,0,729.953,418.488,20.657,0.033,1.08,0.19,0,728.87,408.22,20.35,0.037,1.13,0.01,0,728.814,410.851,20.256,0.044,0.87,0.17,0,728.308,414.711,20.275,0.186,0.58,0.46,0
147,2141,40,4,169,151.39171345,0.07428638,756.137,422.296,21.644,0.174,0.45,-0.01,0,753.343,425.586,20.683,0.032,0.96,-0.21,0,752.25,415.314,20.341,0.026,0.8,0.04,0,752.199,417.949,20.197,0.037,0.76,-0.05,0,751.694,421.806,20.2,0.198,0.66,-0.23,0
148,2141,40,4,226,151.39203849,0.08699488,871.602,425.235,21.668,0.182,0.47,0.51,0,868.938,428.542,19.974,0.019,0.98,0.09,0,867.792,418.241,19.258,0.017,1.04,0.0,0,867.767,420.905,18.962,0.019,0.89,0.01,0,867.262,424.747,18.723,0.056,0.71,-0.03,0
149,2141,40,4,357,151.39233232,0.19214723,9999.99,9999.99,99.999,9.999,9.99,9.99,9,1825.308,431.22,21.997,0.111,1.2,1.02,0,1823.721,420.674,20.373,0.046,1.4,0.6,0,1823.911,423.578,19.745,0.057,1.61,0.47,0,1823.398,427.287,19.261,0.08,0.55,0.21,0
150,2141,40,4,175,151.39245177,0.07478982,9999.99,9999.99,99.999,9.999,9.99,9.99,9,757.921,432.296,20.345,0.028,1.15,-0.28,0,756.827,422.024,18.98,0.012,0.86,-0.02,0,756.777,424.659,18.201,0.01,0.65,0.01,0,756.273,428.517,17.849,0.026,0.66,-0.07,0
151,2141,40,4,190,151.39317829,0.0775558,785.839,435.604,21.753,0.193,0.45,-1.65,0,783.079,438.899,20.591,0.027,0.91,-0.24,0,781.974,428.622,20.092,0.024,0.87,0.0,0,781.93,431.263,19.84,0.034,0.91,0.02,0,781.427,435.117,19.76,0.122,0.61,-0.4,0
152,2141,40,4,355,151.39328531,0.19139756,1820.094,436.432,22.398,0.389,0.45,1.24,0,1818.491,439.881,22.574,0.162,1.08,2.21,0,1816.908,429.338,21.051,0.086,1.45,1.12,0,1817.097,432.239,20.325,0.084,1.46,0.76,0,1816.586,435.95,19.62,0.122,0.59,0.49,0
153,2141,40,4,112,151.39365204,0.06586081,679.584,439.923,21.568,0.16,0.43,-0.28,0,676.706,443.202,20.581,0.029,0.96,0.0,0,675.65,432.953,20.287,0.031,0.99,0.02,0,675.582,435.567,20.119,0.046,1.02,-0.01,0,675.081,439.436,20.436,0.221,0.59,0.77,0
154,2141,40,4,230,151.39392306,0.08984885,897.531,442.358,21.131,0.122,0.51,0.89,0,894.896,445.67,19.032,0.071,6.42,2.18,0,893.74,435.365,17.92,0.083,9.27,1.6,0,893.721,438.034,17.46,0.093,7.57,0.95,0,893.219,441.873,17.389,0.067,2.52,1.07,0
155,2141,40,4,126,151.39433002,0.06857948,704.283,446.081,21.268,0.152,0.55,0.55,0,701.433,449.364,19.722,0.018,1.08,0.01,0,700.366,439.11,19.033,0.014,0.94,0.01,0,700.304,441.729,18.696,0.014,0.76,-0.01,0,699.803,445.595,18.584,0.049,0.68,-0.24,0
156,2141,40,4,383,151.3943525,0.21385568,9999.99,9999.99,99.999,9.999,9.99,9.99,9,2022.654,449.585,21.78,0.078,1.06,0.44,0,2020.977,438.992,21.157,0.073,1.13,0.75,0,2021.212,441.943,20.951,0.085,0.94,0.45,0,9999.99,9999.99,99.999,9.999,9.99,9.99,9
157,2141,40,4,260,151.39549511,0.10921227,1073.466,456.62,20.369,0.06,0.48,0.51,0,1071.029,459.958,19.158,0.011,0.95,0.0,0,1069.793,449.611,18.616,0.014,1.16,0.06,0,1069.814,452.321,18.392,0.014,0.85,0.07,0,1069.313,456.138,18.296,0.043,0.73,-0.26,0
158,2141,40,4,277,151.3959693,0.11851491,1157.99,460.917,21.961,0.243,0.49,1.21,0,1155.648,464.268,19.991,0.04,2.05,1.1,0,1154.373,453.9,18.919,0.053,3.92,1.06,0,1154.413,456.631,18.491,0.055,3.16,0.67,0,1153.912,460.436,18.246,0.048,0.9,0.68,0
159,2141,40,4,322,151.39634402,0.16378034,9999.99,9999.99,99.999,9.999,9.99,9.99,9,1567.358,467.674,20.828,0.056,1.6,1.26,0,1565.893,457.202,19.776,0.073,3.33,1.18,0,1566.026,460.036,19.342,0.08,2.92,0.86,0,1565.522,463.784,19.022,0.092,0.83,1.03,0
160,2141,40,4,101,151.39705146,0.06195679,644.111,470.82,21.787,0.199,0.44,0.56,0,641.195,474.095,20.388,0.026,1.03,0.06,0,640.158,463.861,20.206,0.031,1.06,0.23,0,640.083,466.461,20.09,0.038,0.86,0.08,0,639.587,470.338,20.184,0.2,0.67,0.9,0
161,2141,40,4,364,151.39710323,0.20038509,1901.707,471.117,21.941,0.325,0.56,-1.18,0,1900.199,474.579,19.601,0.014,0.92,-0.04,0,1898.581,464.023,18.134,0.007,0.7,0.01,0,1898.789,466.939,17.392,0.008,0.68,0.02,0,1898.283,470.642,16.834,0.042,2.09,-0.57,0
162,2141,40,4,74,151.39762588,0.05215888,9999.99,9999.99,99.999,9.999,9.99,9.99,9,552.082,479.312,22.312,0.101,0.84,-0.31,0,551.088,469.102,21.718,0.116,1.12,0.28,0,550.992,471.679,21.359,0.11,0.87,0.18,0,550.498,475.569,20.652,0.279,0.6,0.16,0
163,2141,40,4,304,151.3976718,0.14423736,9999.99,9999.99,99.999,9.999,9.99,9.99,9,1389.615,479.74,22.596,0.143,0.92,-0.17,0,1388.233,469.316,21.295,0.074,1.09,-0.14,0,1388.326,472.103,20.03,0.029,0.67,-0.01,0,1387.825,475.877,19.609,0.115,0.63,0.26,0
164,2141,40,4,380,151.39810081,0.21195641,9999.99,9999.99,99.999,9.999,9.99,9.99,9,2005.386,483.649,20.865,0.05,1.4,1.06,0,2003.721,473.067,19.741,0.053,2.46,0.95,0,2003.952,476.009,19.24,0.057,2.23,0.6,0,2003.447,479.698,18.642,0.062,0.69,-0.34,0
165,2141,40,4,312,151.39870586,0.152644,1468.067,485.74,18.043,0.014,0.67,-0.04,0,1466.074,489.138,16.646,0.007,1.49,0.02,0,1464.658,478.696,16.114,0.008,1.29,-0.01,0,1464.768,481.501,15.896,0.004,0.48,0.0,0,1464.268,485.265,15.794,0.014,1.27,-0.21,0
166,2141,40,4,353,151.39871876,0.19083531,9999.99,9999.99,99.999,9.999,9.99,9.99,9,1813.375,489.259,21.449,0.048,0.85,0.04,0,1811.798,478.728,20.157,0.034,1.16,0.41,0,1811.986,481.62,18.99,0.035,1.57,0.23,0,1811.484,485.336,18.205,0.043,0.77,-0.18,0
167,2141,40,4,92,151.3991491,0.05952614,622.025,489.885,21.947,0.261,0.51,-0.74,0,619.085,493.157,20.573,0.026,0.9,0.15,0,618.061,482.933,20.196,0.032,1.12,0.11,0,617.981,485.525,19.947,0.031,0.78,-0.06,0,617.489,489.406,20.121,0.155,0.54,-0.4,0
168,2141,40,4,208,151.39939893,0.08178597,9999.99,9999.99,99.999,9.999,9.99,9.99,9,821.551,495.433,21.359,0.052,0.96,-0.09,0,820.433,485.157,20.804,0.043,0.93,0.04,0,820.398,487.8,20.611,0.065,0.96,-0.03,0,819.905,491.653,20.609,0.293,0.67,0.54,0
169,2141,40,4,140,151.39942368,0.0710511,726.731,492.368,21.656,0.193,0.5,1.0,0,723.909,495.656,20.711,0.029,0.91,0.15,0,722.836,485.405,20.31,0.028,0.87,0.08,0,722.78,488.023,20.107,0.034,0.75,-0.09,0,722.287,491.89,20.224,0.207,0.66,0.34,0
170,2141,40,4,223,151.39966051,0.08621314,864.488,494.502,21.873,0.252,0.54,-0.03,0,861.82,497.811,20.512,0.029,1.04,0.15,0,860.684,487.525,20.23,0.028,0.91,0.1,0,860.658,490.178,20.133,0.04,0.87,-0.22,0,860.165,494.025,20.426,0.238,0.64,-0.13,0
171,2141,40,4,218,151.39983137,0.08491296,852.674,496.056,21.87,0.205,0.44,0.15,0,849.994,499.363,20.685,0.033,1.05,-0.09,0,848.863,489.081,20.393,0.034,1.0,0.12,0,848.835,491.73,20.219,0.044,0.89,-0.01,0,848.342,495.58,20.032,0.179,0.69,0.1,0
172,2141,40,4,245,151.39998018,0.09692589,9999.99,9999.99,99.999,9.999,9.99,9.99,9,959.265,500.717,20.018,0.056,2.87,1.6,0,958.084,490.407,18.806,0.072,5.6,1.43,0,958.081,493.083,18.33,0.083,5.05,0.98,0,957.587,496.918,18.091,0.063,1.35,1.01,0
173,2141,40,4,354,151.40068028,0.19117094,9999.99,9999.99,99.999,9.999,9.99,9.99,9,1816.425,507.086,23.494,0.395,1.12,-0.48,0,1814.848,496.557,21.543,0.071,0.85,-0.15,0,1815.038,499.448,20.076,0.038,0.82,-0.05,0,1814.538,503.165,19.133,0.078,0.61,-0.53,0
174,2141,40,4,116,151.40105769,0.06663293,686.588,507.222,20.988,0.095,0.44,-0.51,0,683.722,510.504,18.621,0.008,0.85,-0.03,0,682.669,500.267,17.659,0.007,0.89,-0.03,0,682.604,502.873,17.243,0.008,0.65,-0.03,0,682.114,506.746,16.992,0.014,0.65,-0.06,0
175,2141,40,4,370,151.40113369,0.20322882,9999.99,9999.99,99.999,9.999,9.99,9.99,9,1926.048,511.209,22.052,0.105,1.1,1.39,0,1924.421,500.653,20.533,0.06,1.61,0.8,0,1924.635,503.571,19.785,0.071,1.96,0.63,0,1924.135,507.273,19.248,0.102,0.7,0.2,0
176,2141,40,4,270,151.40167313,0.11304335,1108.266,512.758,16.332,0.008,1.0,0.04,0,1105.872,516.103,14.505,0.004,1.27,-0.03,0,9999.99,9999.99,99.999,9.999,9.99,9.99,9,9999.99,9999.99,99.999,9.999,9.99,9.99,9,1104.162,512.285,13.331,0.005,0.83,0.01,0
177,2141,40,4,329,151.4024153,0.16667081,1595.487,519.431,21.441,0.174,0.52,0.33,0,1593.639,522.85,18.899,0.011,1.04,-0.11,0,1592.167,512.382,17.802,0.009,1.09,-0.01,0,1592.307,515.214,17.388,0.011,0.9,-0.02,0,1591.811,518.963,17.124,0.02,0.89,-0.22,0
178,2141,40,4,81,151.40291099,0.0543511,575.005,524.076,22.361,0.349,0.46,-0.89,0,572.016,527.343,20.858,0.034,0.95,0.04,0,571.016,517.138,20.506,0.035,0.96,0.01,0,570.926,519.713,20.431,0.044,0.76,-0.05,0,570.44,523.603,20.236,0.198,0.63,0.33,0
179,2141,40,4,311,151.403262,0.15231568,9999.99,9999.99,99.999,9.999,9.99,9.99,9,1463.084,530.544,22.1,0.09,0.91,-0.25,0,1461.673,520.111,20.513,0.034,0.93,0.02,0,1461.783,522.909,18.835,0.015,0.74,-0.03,0,1461.29,526.677,17.861,0.025,0.64,-0.02,0
180,2141,40,4,100,151.40364841,0.06178084,9999.99,9999.99,99.999,9.999,9.99,9.99,9,639.588,534.047,22.373,0.122,0.97,0.13,0,638.558,523.826,21.767,0.102,1.0,0.08,0,638.483,526.417,21.685,0.148,0.86,-0.05,0,9999.99,9999.99,99.999,9.999,9.99,9.99,9
181,2141,40,4,280,151.40373582,0.12059318,9999.99,9999.99,99.999,9.999,9.99,9.99,9,1174.545,534.849,22.189,0.106,0.99,1.16,0,1173.268,524.491,20.942,0.062,1.2,0.59,0,1173.313,527.216,20.491,0.069,1.11,0.33,0,1172.824,531.024,20.145,0.191,0.66,0.08,0
182,2141,40,4,324,151.40406201,0.16411296,9999.99,9999.99,99.999,9.999,9.99,9.99,9,1570.376,537.815,23.447,0.315,0.92,-0.94,0,1568.916,527.356,22.367,0.181,1.03,-0.4,0,1569.05,530.18,20.72,0.064,0.79,0.25,0,1568.558,533.934,19.99,0.192,0.74,0.14,0
183,2141,40,4,171,151.40457345,0.0744055,757.199,539.163,21.18,0.13,0.52,0.01,0,754.415,542.457,18.915,0.009,0.85,-0.01,0,753.332,532.208,17.99,0.009,0.98,0.04,0,753.283,534.827,17.597,0.008,0.61,0.01,0,752.799,538.693,17.382,0.014,0.55,-0.07,0
184,2141,40,4,295,151.40481073,0.13520318,1309.604,541.242,15.638,0.005,0.76,0.03,0,1307.437,544.619,14.394,0.006,1.82,0.0,0,1306.099,534.228,14.006,0.008,1.68,-0.01,0,9999.99,9999.99,99.999,9.999,9.99,9.99,9,1305.686,540.776,13.848,0.008,1.29,-0.02,0
185,2141,40,4,110,151.40485803,0.06573473,678.421,541.758,22.074,0.248,0.43,0.67,0,675.549,545.041,20.68,0.079,2.54,1.96,0,674.503,534.813,20.401,0.094,2.78,1.42,0,674.436,537.411,20.338,0.143,2.67,1.27,0,673.953,541.288,20.021,0.2,0.78,1.88,0
186,2141,40,4,367,151.40527783,0.2009124,9999.99,9999.99,99.999,9.999,9.99,9.99,9,1904.986,548.87,21.206,0.051,1.08,0.25,0,1903.372,538.327,19.926,0.025,1.04,-0.01,0,1903.582,541.234,19.202,0.022,0.9,-0.02,0,1903.089,544.942,18.753,0.071,0.75,-0.52,0
187,2141,40,4,248,151.40542755,0.09793308,9999.99,9999.99,99.999,9.999,9.99,9.99,9,968.421,550.223,20.387,0.049,1.94,1.24,0,967.241,539.92,19.166,0.055,3.57,1.04,0,967.24,542.592,18.689,0.065,3.41,0.78,0,966.755,546.429,18.486,0.058,0.89,0.65,0
188,2141,40,4,244,151.4068052,0.09683785,9999.99,9999.99,99.999,9.999,9.99,9.99,9,958.458,562.743,21.088,0.06,1.39,1.18,0,957.283,552.445,19.864,0.06,2.55,1.04,0,957.281,555.112,19.403,0.076,2.71,0.8,0,956.798,558.952,19.092,0.082,0.73,1.08,0
189,2141,40,4,301,151.40704416,0.14141847,9999.99,9999.99,99.999,9.999,9.99,9.99,9,1363.967,564.916,21.59,0.064,0.96,0.14,0,1362.605,554.515,20.163,0.03,1.07,0.02,0,1362.694,557.284,19.493,0.026,0.89,-0.03,0,1362.208,561.068,19.058,0.08,0.73,0.26,0
190,2141,40,4,64,151.40739317,0.04405493,9999.99,9999.99,99.999,9.999,9.99,9.99,9,478.374,568.073,23.233,0.266,0.95,-0.02,0,477.421,557.9,21.805,0.099,0.94,-0.14,0,477.311,560.446,20.896,0.072,0.85,0.3,0,476.833,564.352,20.487,0.281,0.69,0.04,0
191,2141,40,4,207,151.40801036,0.08169661,823.439,570.387,21.694,0.178,0.45,0.33,0,820.731,573.692,20.83,0.044,1.24,0.94,0,819.62,563.433,20.306,0.056,1.77,0.91,0,819.587,566.063,19.988,0.076,1.8,0.84,0,819.107,569.923,19.96,0.126,0.52,0.64,0
192,2141,40,4,127,151.4080673,0.06884126,9999.99,9999.99,99.999,9.999,9.99,9.99,9,703.801,574.207,21.624,0.062,0.94,-0.22,0,702.745,563.978,21.256,0.067,1.02,-0.01,0,702.685,566.579,20.938,0.082,0.93,-0.07,0,702.206,570.455,20.76,0.3,0.58,-0.04,0
193,2141,40,4,38,151.40837004,0.02323509,292.354,573.713,22.272,0.347,0.48,0.39,0,289.052,576.939,19.639,0.017,1.09,-0.09,0,288.188,566.817,18.255,0.008,0.82,-0.01,0,288.034,569.313,17.449,0.009,0.72,-0.06,0,287.56,573.247,16.946,0.013,0.63,-0.14,0
194,2141,40,4,205,151.4087276,0.08149248,821.582,576.905,22.208,0.293,0.45,0.67,0,818.873,580.21,20.834,0.039,1.09,0.34,0,817.764,569.953,20.273,0.037,1.21,0.07,0,817.73,572.582,20.073,0.037,0.81,0.07,0,817.251,576.442,20.1,0.183,0.67,-0.06,0
195,2141,40,4,298,151.40873324,0.13983588,9999.99,9999.99,99.999,9.999,9.99,9.99,9,1349.572,580.266,22.323,0.113,0.95,-1.02,0,1348.217,569.872,21.772,0.113,1.1,0.34,0,1348.303,572.635,21.66,0.155,0.91,0.27,0,9999.99,9999.99,99.999,9.999,9.99,9.99,9
196,2141,40,4,213,151.4088758,0.08339321,9999.99,9999.99,99.999,9.999,9.99,9.99,9,836.161,581.558,21.83,0.083,1.03,0.53,0,835.045,571.296,21.316,0.079,1.12,0.15,0,835.015,573.929,21.263,0.096,0.82,0.03,0,834.536,577.787,20.917,0.358,0.61,-0.3,0
197,2141,40,4,263,151.40889462,0.1093712,9999.99,9999.99,99.999,9.999,9.99,9.99,9,1072.463,581.731,22.483,0.135,0.98,-1.02,0,1071.237,571.409,21.286,0.072,1.06,0.15,0,1071.261,574.102,20.647,0.065,0.94,-0.08,0,1070.78,577.927,20.635,0.298,0.65,-0.2,0
198,2141,40,4,179,151.40940098,0.07588603,9999.99,9999.99,99.999,9.999,9.99,9.99,9,767.876,586.329,23.064,0.198,0.84,-0.87,0,766.792,576.086,21.816,0.104,0.97,-0.22,0,766.746,578.701,20.918,0.07,0.8,0.17,0,766.269,582.569,20.037,0.146,0.55,0.0,0
199,2141,40,4,15,151.4109883,0.00021731,9999.99,9999.99,99.999,9.999,9.99,9.99,9,79.792,600.716,22.519,0.16,1.09,1.03,0,79.026,590.652,21.939,0.12,1.02,-0.25,0,78.826,593.093,21.741,0.223,1.24,1.55,0,9999.99,9999.99,99.999,9.999,9.99,9.99,9
200,2141,40,4,34,151.41164743,0.01943912,9999.99,9999.99,99.999,9.999,9.99,9.99,9,254.536,606.721,19.114,0.014,1.23,-0.07,0,253.69,596.614,17.786,0.006,0.68,0.03,0,253.53,599.098,17.213,0.023,1.93,-0.14,0,253.06,603.038,16.83,0.015,0.8,-0.09,0
201,2141,40,4,18,151.4145622,0.00296062,108.23,629.996,22.128,0.3,0.48,-0.57,0,104.726,633.197,20.633,0.032,1.06,-0.07,0,103.951,623.134,20.258,0.03,1.0,0.16,0,103.758,625.576,19.981,0.039,0.94,0.02,0,103.294,629.539,19.893,0.161,0.65,-0.66,0
202,2141,40,4,340,151.41559169,0.17931334,9999.99,9999.99,99.999,9.999,9.99,9.99,9,1708.594,642.597,21.935,0.083,0.97,-0.14,0,1707.08,632.124,20.579,0.034,0.87,-0.07,0,1707.248,634.967,19.23,0.023,0.92,0.08,0,1706.772,638.71,18.523,0.053,0.75,-0.36,0
203,2141,40,4,254,151.41576713,0.10430058,1028.807,640.85,22.124,0.225,0.38,1.75,0,1026.333,644.188,19.431,0.017,1.26,-0.22,0,1025.134,633.89,18.292,0.01,0.94,0.01,0,1025.148,636.562,17.83,0.013,0.98,-0.01,0,1024.678,640.399,17.611,0.024,0.75,0.09,0
204,2141,40,4,108,151.41721248,0.06524908,673.99,654.031,22.113,0.264,0.45,1.39,0,671.121,657.317,21.042,0.071,1.7,1.53,0,670.087,647.113,20.086,0.077,2.82,1.29,0,670.021,649.694,19.708,0.086,2.5,0.94,0,669.557,653.581,19.37,0.12,0.84,1.34,0
205,2141,40,4,261,151.41770978,0.10923609,1073.648,658.497,22.32,0.32,0.46,0.28,0,1071.227,661.843,22.051,0.093,0.98,-0.47,0,1070.008,651.537,21.965,0.113,0.93,-0.35,0,1070.033,654.218,22.071,0.2,0.81,1.03,0,9999.99,9999.99,99.999,9.999,9.99,9.99,9
206,2141,40,4,332,151.41800818,0.17091514,9999.99,9999.99,99.999,9.999,9.99,9.99,9,1632.223,664.558,22.816,0.216,1.16,0.29,0,1630.746,654.108,21.307,0.067,0.97,-0.03,0,1630.897,656.929,19.761,0.028,0.78,-0.06,0,1630.426,660.684,18.962,0.064,0.62,-0.01,0
207,2141,40,4,253,151.41926734,0.10300178,1017.0,672.659,14.431,0.004,0.71,-0.01,0,1014.516,675.997,13.246,0.018,1.35,0.0,1,9999.99,9999.99,99.999,9.999,9.99,9.99,9,9999.99,9999.99,99.999,9.999,9.99,9.99,9,1012.873,672.214,12.737,0.006,1.24,0.02,0
208,2141,40,4,8,151.42111672,-0.00417438,9999.99,9999.99,99.999,9.999,9.99,9.99,9,39.865,692.758,22.143,0.131,1.26,1.88,0,39.125,682.723,21.102,0.093,1.63,1.05,0,38.918,685.14,20.556,0.087,1.29,0.73,0,38.465,689.117,20.07,0.178,0.61,0.47,0
209,2141,40,4,321,151.42112147,0.16252424,9999.99,9999.99,99.999,9.999,9.99,9.99,9,1555.912,692.85,22.042,0.076,0.81,-0.51,0,1554.473,682.426,20.78,0.046,1.02,-0.09,0,1554.607,685.223,20.165,0.042,0.88,-0.14,0,1554.141,688.991,19.668,0.116,0.61,-0.11,0
210,2141,40,4,76,151.42152336,0.05335835,9999.99,9999.99,99.999,9.999,9.99,9.99,9,562.97,696.491,21.704,0.071,1.0,0.44,0,561.99,686.322,20.31,0.034,1.06,0.05,0,561.9,688.87,19.029,0.024,0.94,0.27,0,561.444,692.775,18.268,0.037,0.68,-0.1,0
211,2141,40,4,289,151.42366526,0.12963548,1258.988,712.591,22.525,0.381,0.44,1.45,0,1256.777,715.966,21.16,0.064,1.39,1.29,0,1255.478,705.624,20.339,0.071,2.2,0.99,0,1255.545,708.343,19.938,0.09,2.23,0.92,0,1255.086,712.153,19.774,0.17,0.81,1.43,0
212,2141,40,4,44,151.42629632,0.02880023,9999.99,9999.99,99.999,9.999,9.99,9.99,9,339.638,739.856,23.107,0.229,0.93,-0.64,0,338.765,729.753,21.604,0.077,0.86,-0.4,0,338.626,732.238,20.112,0.037,0.83,-0.09,0,338.178,736.177,19.132,0.08,0.66,-0.35,0
213,2141,40,4,30,151.42641617,0.01779778,9999.99,9999.99,99.999,9.999,9.99,9.99,9,239.6,740.937,21.34,0.053,1.01,-0.01,0,238.773,730.861,20.857,0.045,0.95,0.13,0,238.611,733.321,20.524,0.056,0.89,-0.09,0,238.165,737.274,20.364,0.239,0.64,-0.38,0
214,2141,40,4,48,151.42641825,0.02956491,9999.99,9999.99,99.999,9.999,9.99,9.99,9,346.592,740.964,21.789,0.08,1.04,-0.04,0,345.715,730.86,20.415,0.039,1.15,0.04,0,345.578,733.347,19.01,0.018,0.77,-0.03,0,345.131,737.285,18.206,0.03,0.58,-0.04,0
215,2141,40,4,202,151.42680102,0.0806171,9999.99,9999.99,99.999,9.999,9.99,9.99,9,810.895,744.461,22.445,0.143,1.07,-0.59,0,809.804,734.238,20.965,0.052,0.96,0.1,0,809.771,736.841,19.656,0.03,0.91,0.01,0,809.321,740.715,19.076,0.067,0.61,-0.38,0
216,2141,40,4,3,151.42690112,-0.00732538,14.82,742.132,22.245,0.355,0.54,1.09,0,11.219,745.323,21.5,0.1,1.61,2.04,0,10.498,735.306,20.572,0.08,2.13,1.29,0,10.286,737.708,20.138,0.092,2.0,0.84,0,9.842,741.693,19.332,0.092,0.61,0.29,0
217,2141,40,4,88,151.42798413,0.05924784,9999.99,9999.99,99.999,9.999,9.99,9.99,9,616.529,755.207,20.591,0.062,2.14,0.98,0,615.529,745.037,19.272,0.061,3.78,1.06,0,615.453,747.589,18.782,0.084,4.24,0.86,0,615.006,751.491,18.462,0.064,0.99,0.61,0
218,2141,40,4,343,151.42872841,0.17957321,9999.99,9999.99,99.999,9.999,9.99,9.99,9,1710.946,761.983,22.847,0.19,1.0,0.92,0,1709.441,751.533,21.572,0.077,0.88,-0.1,0,1709.611,754.359,20.492,0.048,0.77,0.14,0,1709.156,758.111,19.765,0.105,0.5,0.09,0
219,2141,40,4,346,151.42902672,0.18303231,1744.064,761.245,21.708,0.231,0.53,0.42,0,1742.4,764.695,21.941,0.08,0.91,0.9,0,1740.88,754.237,21.104,0.076,1.31,0.86,0,1741.058,757.071,20.868,0.1,1.14,0.84,0,9999.99,9999.99,99.999,9.999,9.99,9.99,9
220,2141,40,4,20,151.42955069,0.00623417,137.931,766.204,21.591,0.21,0.59,1.51,0,134.47,769.415,20.485,0.109,4.05,2.75,0,133.694,759.371,20.418,0.135,3.99,2.1,0,133.509,761.8,20.274,0.153,2.98,1.4,0,133.069,765.77,20.436,0.283,0.71,1.82,0
221,2141,40,4,194,151.43170947,0.07856845,794.981,785.758,21.316,0.139,0.49,0.15,0,792.257,789.068,19.897,0.075,4.15,2.11,0,791.178,778.859,19.041,0.094,6.56,1.77,0,791.142,781.45,18.523,0.107,6.06,1.22,0,790.7,785.331,18.351,0.087,1.5,1.17,0
222,2141,40,4,275,151.43173956,0.11769403,1150.476,785.982,21.886,0.251,0.52,1.41,0,1148.149,789.345,20.715,0.076,2.36,1.94,0,1146.907,779.045,19.612,0.1,5.05,1.76,0,1146.951,781.726,19.17,0.121,4.93,1.3,0,1146.505,785.557,18.755,0.093,1.12,1.21,0
223,2141,40,4,293,151.43179706,0.13444246,1302.65,786.483,20.541,0.066,0.46,0.27,0,1300.494,789.868,19.22,0.012,1.01,0.03,0,1299.181,779.529,18.656,0.013,1.06,0.03,0,1299.259,782.248,18.401,0.015,0.88,0.0,0,1298.812,786.058,18.256,0.033,0.61,-0.04,0
224,2141,40,4,268,151.43217191,0.1110931,9999.99,9999.99,99.999,9.999,9.99,9.99,9,1088.106,793.274,22.687,0.175,1.06,-0.28,0,1086.891,782.99,21.689,0.082,0.86,-0.09,0,1086.922,785.656,21.148,0.075,0.7,-0.07,0,9999.99,9999.99,99.999,9.999,9.99,9.99,9
225,2141,40,4,89,151.43237248,0.05929066,619.835,791.805,21.905,0.262,0.55,1.46,0,616.915,795.088,19.617,0.077,5.1,2.18,0,615.918,784.926,18.687,0.092,7.61,1.75,0,615.843,787.472,18.332,0.104,6.38,1.18,0,615.403,791.377,18.174,0.09,1.79,1.2,0
226,2141,40,4,120,151.43316102,0.06736741,9999.99,9999.99,99.999,9.999,9.99,9.99,9,690.374,802.257,22.325,0.13,1.09,-0.13,0,689.344,792.077,21.851,0.104,0.94,-0.23,0,689.285,794.641,21.379,0.113,0.87,0.5,0,9999.99,9999.99,99.999,9.999,9.99,9.99,9
227,2141,40,4,337,151.43340143,0.17717266,9999.99,9999.99,99.999,9.999,9.99,9.99,9,1689.113,804.451,22.86,0.191,1.0,1.57,0,1687.622,794.015,21.287,0.076,1.13,0.7,0,1687.788,796.83,20.66,0.075,1.07,0.41,0,1687.341,800.588,19.886,0.173,0.74,0.73,0
228,2141,40,4,129,151.43340456,0.06962748,9999.99,9999.99,99.999,9.999,9.99,9.99,9,710.931,804.47,22.678,0.188,1.1,-0.44,0,709.891,794.286,21.138,0.064,1.03,0.38,0,709.837,796.854,19.764,0.031,0.89,-0.07,0,709.398,800.747,19.21,0.07,0.57,0.01,0
229,2141,40,4,306,151.43387412,0.14961916,9999.99,9999.99,99.999,9.999,9.99,9.99,9,9999.99,9999.99,99.999,9.999,9.99,9.99,9,1437.157,798.374,22.15,0.174,1.22,0.64,0,1437.267,801.125,21.086,0.076,0.75,0.29,0,9999.99,9999.99,99.999,9.999,9.99,9.99,9
230,2141,40,4,388,151.43398344,0.21523372,9999.99,9999.99,99.999,9.999,9.99,9.99,9,2035.144,809.749,21.96,0.129,1.53,2.21,0,2033.494,799.225,20.536,0.091,2.38,1.35,0,2033.738,802.126,20.042,0.092,2.16,0.79,0,2033.288,805.837,19.407,0.119,0.76,0.45,0
231,2141,40,4,267,151.43404874,0.11107408,9999.99,9999.99,99.999,9.999,9.99,9.99,9,1087.931,810.33,21.39,0.054,0.98,0.05,0,1086.718,800.05,19.997,0.03,1.18,0.05,0,1086.749,802.712,19.036,0.013,0.58,0.06,0,1086.307,806.554,18.577,0.042,0.6,0.03,0
232,2141,40,4,251,151.43425124,0.10212036,1008.968,808.828,17.572,0.01,0.68,0.05,0,1006.485,812.17,16.634,0.007,1.46,0.06,0,1005.31,801.911,16.372,0.005,0.81,0.03,0,1005.322,804.553,16.265,0.009,0.89,0.0,0,1004.882,808.405,16.252,0.009,0.67,0.01,0
233,2141,40,4,197,151.43494679,0.07926824,801.334,815.177,20.578,0.065,0.44,0.25,0,798.618,818.488,19.569,0.014,0.91,0.04,0,797.54,808.284,19.226,0.016,1.03,0.09,0,797.506,810.873,19.109,0.02,0.84,0.01,0,797.068,814.755,19.212,0.072,0.56,-0.18,0
234,2141,40,4,339,151.43664818,0.17813703,1699.589,830.511,18.029,0.014,0.69,-0.13,0,1697.879,833.957,16.566,0.004,0.97,0.01,0,1696.387,823.525,16.011,0.004,0.63,0.02,0,1696.555,826.337,15.828,0.006,0.66,-0.01,0,1696.113,830.096,15.745,0.007,0.7,-0.06,0
235,2141,40,4,73,151.43668787,0.05068994,9999.99,9999.99,99.999,9.999,9.99,9.99,9,538.689,834.304,21.771,0.11,1.5,1.81,0,537.732,824.169,20.582,0.086,2.21,1.32,0,537.639,826.69,20.123,0.094,2.07,0.91,0,537.206,830.609,19.649,0.106,0.58,0.39,0
236,2141,40,4,307,151.43701767,0.1501034,1444.927,833.905,22.385,0.346,0.45,0.58,0,1442.933,837.313,19.945,0.016,0.84,-0.16,0,1441.559,826.947,18.991,0.015,1.04,-0.11,0,1441.67,829.695,18.525,0.013,0.72,-0.01,0,1441.23,833.49,18.325,0.034,0.6,-0.03,0
237,2141,40,4,196,151.43702431,0.07888175,797.82,834.057,19.97,0.04,0.47,-0.2,0,795.102,837.369,18.788,0.009,0.97,0.04,0,794.026,827.169,18.355,0.011,1.04,-0.04,0,793.992,829.754,18.165,0.012,0.78,-0.02,0,793.557,833.638,18.168,0.031,0.63,0.24,0
238,2141,40,4,365,151.43733139,0.20052065,1902.877,836.694,18.938,0.029,0.72,-0.24,0,1901.396,840.171,16.881,0.005,1.01,-0.01,0,1899.81,829.687,15.995,0.003,0.56,0.01,0,1900.025,832.55,15.694,0.004,0.43,0.01,0,1899.581,836.281,15.522,0.015,1.58,-0.22,0
239,2141,40,4,141,151.43735773,0.07123926,9999.99,9999.99,99.999,9.999,9.99,9.99,9,725.587,840.398,22.404,0.123,0.94,-0.08,0,724.544,830.216,20.927,0.047,0.91,0.18,0,724.494,832.784,20.671,0.057,0.81,0.03,0,724.061,836.677,20.131,0.18,0.63,0.93,0
240,2141,40,4,23,151.43765843,0.01178928,9999.99,9999.99,99.999,9.999,9.99,9.99,9,184.964,843.102,21.709,0.085,1.15,0.99,0,184.171,833.06,21.315,0.093,1.33,0.76,0,183.999,835.491,21.054,0.103,1.06,0.69,0,183.571,839.459,20.435,0.222,0.57,0.03,0
241,2141,40,4,326,151.43840503,0.16446141,9999.99,9999.99,99.999,9.999,9.99,9.99,9,1573.515,849.922,22.568,0.163,1.1,-0.4,0,1572.081,839.525,21.074,0.066,1.14,0.26,0,1572.222,842.304,19.813,0.035,0.94,0.09,0,1571.783,846.081,19.037,0.073,0.68,-0.15,0
242,2141,40,4,302,151.43869742,0.14166081,1368.222,849.181,21.04,0.09,0.4,0.01,0,1366.143,852.578,19.902,0.02,1.08,-0.07,0,1364.806,842.235,19.496,0.017,0.92,0.07,0,1364.9,844.961,19.301,0.02,0.75,0.03,0,1364.463,848.768,19.258,0.079,0.61,0.36,0
243,2141,40,4,1,151.4389953,-0.00794623,9.165,852.038,22.59,0.365,0.43,-0.48,0,5.566,855.233,21.009,0.052,1.27,1.09,0,4.857,845.24,20.035,0.069,2.71,1.1,0,4.645,847.624,19.591,0.067,2.08,0.74,0,4.22,851.618,19.148,0.094,0.76,0.39,0
244,2141,40,4,40,151.43941483,0.02482244,306.724,855.834,21.491,0.153,0.48,0.0,0,303.458,859.073,19.544,0.014,0.95,0.05,0,302.612,849.004,18.826,0.011,0.83,-0.01,0,302.467,851.463,18.529,0.016,0.88,-0.03,0,302.04,855.416,18.292,0.038,0.67,-0.02,0
245,2141,40,4,336,151.43963775,0.17702759,9999.99,9999.99,99.999,9.999,9.99,9.99,9,1687.789,861.126,21.964,0.083,0.95,0.46,0,1686.303,850.702,21.592,0.082,0.94,0.02,0,1686.47,853.508,21.297,0.077,0.62,-0.03,0,1686.032,857.271,20.56,0.246,0.57,0.05,0
246,2141,40,4,24,151.44001149,0.01227141,192.738,861.264,21.658,0.198,0.54,0.94,0,189.345,864.487,20.52,0.026,0.94,0.1,0,188.552,854.448,19.934,0.025,1.03,0.08,0,188.382,856.877,19.667,0.027,0.82,0.05,0,187.957,860.847,19.403,0.097,0.62,-0.18,0
247,2141,40,4,67,151.44065771,0.04702725,9999.99,9999.99,99.999,9.999,9.99,9.99,9,505.376,870.38,21.362,0.052,0.99,-0.14,0,504.437,860.261,20.025,0.027,1.06,0.13,0,504.338,862.769,19.127,0.016,0.68,0.03,0,503.912,866.695,18.665,0.052,0.68,-0.06,0
248,2141,40,4,195,151.44105478,0.07886077,797.622,870.685,21.497,0.183,0.56,1.1,0,794.907,873.998,20.472,0.095,3.56,2.44,0,793.835,863.805,20.217,0.12,4.06,1.92,0,793.801,866.385,20.065,0.133,3.03,1.29,0,793.373,870.272,19.715,0.131,0.68,1.13,0
249,2141,40,4,228,151.44161695,0.08849528,885.16,875.782,21.347,0.129,0.45,0.77,0,882.542,879.108,19.391,0.058,4.34,1.64,0,881.43,868.894,18.372,0.068,6.37,1.36,0,881.416,871.495,17.936,0.078,5.51,0.87,0,880.988,875.37,17.775,0.055,1.5,0.84,0
250,2141,40,4,308,151.4421761,0.15049086,9999.99,9999.99,99.999,9.999,9.99,9.99,9,1446.453,884.193,21.597,0.075,1.17,1.43,0,1445.081,873.835,20.887,0.079,1.6,1.14,0,1445.194,876.577,20.514,0.093,1.46,0.71,0,1444.762,880.375,20.432,0.229,0.61,2.15,0
251,2141,40,4,63,151.44231013,0.04396686,9999.99,9999.99,99.999,9.999,9.99,9.99,9,477.542,885.395,20.961,0.038,1.0,0.12,0,476.618,875.287,19.492,0.016,0.89,-0.01,0,476.513,877.785,18.234,0.011,0.72,-0.04,0,476.089,881.716,17.475,0.019,0.66,-0.06,0
252,2141,40,4,359,151.44244084,0.1941982,9999.99,9999.99,99.999,9.999,9.99,9.99,9,1843.911,886.603,21.975,0.083,0.95,-0.02,0,1842.356,876.144,20.621,0.032,0.8,-0.16,0,1842.558,878.985,19.47,0.022,0.75,-0.01,0,1842.123,882.728,18.87,0.065,0.69,0.18,0
253,2141,40,4,35,151.44364131,0.01985707,261.621,894.246,21.337,0.133,0.48,0.87,0,258.308,897.48,19.699,0.078,4.77,2.01,0,257.486,887.43,18.685,0.091,7.38,1.75,0,257.331,889.872,18.149,0.112,7.3,1.3,0,256.912,893.834,17.944,0.083,1.96,1.08,0
254,2141,40,4,36,151.44392432,0.02018223,264.575,896.818,22.04,0.293,0.56,1.7,0,261.264,900.052,20.245,0.092,3.84,2.09,0,260.441,890.002,19.359,0.112,6.36,1.92,0,260.288,892.444,18.968,0.139,6.24,1.55,0,259.869,896.407,18.59,0.122,1.64,1.66,0
255,2141,40,4,350,151.44442379,0.18795353,9999.99,9999.99,99.999,9.999,9.99,9.99,9,1787.133,904.623,23.209,0.234,0.89,-0.21,0,1785.605,894.182,22.382,0.155,0.88,-0.52,0,1785.795,897.007,21.124,0.087,0.84,-0.08,0,1785.364,900.759,20.251,0.208,0.64,0.48,0
256,2141,40,4,9,151.44452827,-0.00392654,9999.99,9999.99,99.999,9.999,9.99,9.99,9,42.096,905.52,21.038,0.038,0.9,-0.25,0,41.375,895.528,19.774,0.022,1.01,0.1,0,41.172,897.914,19.234,0.019,0.77,0.07,0,40.756,901.907,18.913,0.067,0.64,0.17,0
257,2141,40,4,19,151.44510611,0.00562304,9999.99,9999.99,99.999,9.999,9.99,9.99,9,128.901,910.781,22.026,0.094,1.0,1.34,0,128.14,900.767,20.898,0.06,1.22,0.91,0,127.957,903.174,20.45,0.089,1.49,0.84,0,127.541,907.156,20.203,0.19,0.6,1.11,0
258,2141,40,4,42,151.44541972,0.02655019,9999.99,9999.99,99.999,9.999,9.99,9.99,9,319.162,913.646,23.084,0.207,0.86,0.68,0,318.314,903.584,22.025,0.122,0.95,0.0,0,318.173,906.038,20.8,0.069,0.88,-0.39,0,317.756,909.994,20.138,0.164,0.56,0.49,0
259,2141,40,4,32,151.44766052,0.0184211,248.574,930.772,22.411,0.387,0.53,-0.9,0,245.249,934.005,19.744,0.02,1.21,-0.08,0,244.436,923.966,18.25,0.011,1.11,0.01,0,244.279,926.399,16.97,0.012,1.08,-0.02,0,243.866,930.366,16.238,0.009,0.7,-0.02,0
260,2141,40,4,26,151.44825253,0.01357178,9999.99,9999.99,99.999,9.999,9.99,9.99,9,201.16,939.382,22.76,0.18,1.02,-0.17,0,200.368,929.355,21.171,0.069,1.1,0.32,0,200.202,931.776,20.111,0.033,0.74,-0.16,0,199.79,935.75,19.65,0.12,0.64,-0.05,0
261,2141,40,4,10,151.4484025,-0.00257498,57.916,937.526,22.248,0.304,0.51,1.96,0,54.377,940.731,20.5,0.096,3.52,2.34,0,53.654,930.742,19.512,0.105,5.68,1.86,0,53.454,933.126,19.067,0.123,5.4,1.31,0,53.044,937.12,18.737,0.088,1.05,1.05,0
262,2141,40,4,47,151.44862521,0.02952118,9999.99,9999.99,99.999,9.999,9.99,9.99,9,346.174,942.779,20.277,0.025,1.09,0.08,0,345.316,932.716,18.773,0.013,1.05,0.0,0,345.182,935.173,17.443,0.01,0.8,-0.01,0,344.769,939.127,16.677,0.011,0.64,-0.01,0
263,2141,40,4,344,151.44959188,0.18049009,9999.99,9999.99,99.999,9.999,9.99,9.99,9,1719.265,951.589,21.913,0.083,1.0,-0.17,0,1717.773,941.175,21.784,0.112,1.08,-0.31,0,1717.949,943.975,21.626,0.133,0.81,-0.31,0,1717.526,947.741,20.54,0.359,0.83,0.0,0
264,2141,40,4,80,151.44967789,0.05432936,574.737,949.074,17.776,0.009,0.53,0.0,0,571.777,952.357,15.807,0.006,1.54,0.01,0,570.815,942.238,15.054,0.003,0.49,0.01,0,570.733,944.75,14.789,0.004,0.5,0.0,0,570.32,948.674,14.653,0.005,0.78,-0.01,0
265,2141,40,4,176,151.44993494,0.07492611,9999.99,9999.99,99.999,9.999,9.99,9.99,9,759.11,954.699,20.418,0.026,1.02,0.31,0,758.062,944.532,18.966,0.013,0.91,0.0,0,758.021,947.091,17.923,0.01,0.69,-0.04,0,757.607,950.989,17.333,0.016,0.59,0.09,0
266,2141,40,4,369,151.45047437,0.20272737,1922.896,956.129,21.486,0.192,0.56,-0.07,0,1921.446,959.613,20.798,0.033,0.95,-0.07,0,1919.861,949.149,20.427,0.034,1.01,-0.07,0,1920.082,951.999,20.327,0.049,0.92,-0.04,0,1919.659,955.737,20.238,0.232,0.72,0.38,0
267,2141,40,4,274,151.45088103,0.11608661,9999.99,9999.99,99.999,9.999,9.99,9.99,9,1133.511,963.301,20.671,0.031,1.0,-0.09,0,1132.291,953.04,19.66,0.02,0.97,-0.05,0,1132.335,955.691,19.218,0.02,0.79,-0.06,0,1131.919,959.538,18.861,0.057,0.63,0.42,0
268,2141,40,4,376,151.45151446,0.20965453,1985.795,965.574,21.173,0.133,0.51,-1.16,0,1984.416,969.068,20.196,0.021,0.98,-0.01,0,1982.803,958.589,19.912,0.023,0.96,-0.06,0,1983.038,961.454,19.735,0.035,1.01,0.08,0,1982.617,965.184,19.721,0.144,0.71,-0.53,0
269,2141,40,4,22,151.45308949,0.0109198,180.445,980.113,20.903,0.12,0.66,0.87,0,177.046,983.338,19.926,0.065,3.56,1.9,0,176.269,973.326,19.644,0.092,4.59,1.74,0,176.098,975.734,19.436,0.108,3.78,1.19,0,175.694,979.715,19.382,0.13,0.88,1.2,0
270,2141,40,4,168,151.45542896,0.0741473,754.776,1001.317,16.612,0.009,0.94,-0.04,0,752.021,1004.628,15.39,0.004,1.19,-0.01,0,750.981,994.473,14.973,0.004,0.78,-0.02,0,750.94,997.023,14.818,0.008,0.92,0.0,0,750.534,1000.926,14.781,0.007,0.92,-0.02,0
271,2141,40,4,94,151.45552631,0.05969036,623.431,1002.217,21.888,0.18,0.38,0.44,0,620.53,1005.509,20.892,0.038,1.05,-0.14,0,619.55,995.388,20.525,0.034,0.92,-0.1,0,619.48,997.905,20.446,0.053,0.9,0.03,0,619.075,1001.826,20.733,0.382,0.76,-0.85,0
272,2141,40,4,41,151.45575295,0.02630798,9999.99,9999.99,99.999,9.999,9.99,9.99,9,316.951,1007.553,22.003,0.116,1.26,1.03,0,316.112,997.511,20.46,0.058,1.65,0.8,0,315.972,999.951,19.968,0.073,1.81,0.64,0,315.571,1003.914,19.374,0.11,0.76,0.41,0
273,2141,40,4,27,151.45693711,0.01407981,209.135,1015.076,21.167,0.163,0.71,2.13,0,205.771,1018.307,19.841,0.099,5.68,2.7,0,204.984,1008.295,19.375,0.123,7.18,2.12,0,204.82,1010.705,19.053,0.124,5.49,1.23,0,204.422,1014.684,19.03,0.124,1.16,1.58,0
274,2141,40,4,283,151.45747113,0.12326453,1201.051,1019.813,19.645,0.037,0.56,0.28,0,1198.798,1023.192,18.752,0.009,0.98,-0.02,0,1197.552,1012.926,18.459,0.012,1.08,0.0,0,1197.612,1015.585,18.305,0.014,0.83,0.01,0,1197.206,1019.428,18.263,0.045,0.83,-0.16,0
275,2141,40,4,72,151.45790756,0.05011653,9999.99,9999.99,99.999,9.999,9.99,9.99,9,533.455,1027.146,22.265,0.117,1.03,0.68,0,532.518,1017.052,20.807,0.063,1.37,0.6,0,532.428,1019.543,20.16,0.055,1.13,0.48,0,532.028,1023.478,19.801,0.17,0.81,0.42,0
276,2141,40,4,224,151.45839149,0.08647141,9999.99,9999.99,99.999,9.999,9.99,9.99,9,864.118,1031.554,21.038,0.091,2.22,2.15,0,863.028,1021.375,20.102,0.108,3.92,1.81,0,863.012,1023.949,19.669,0.097,2.94,0.96,0,862.611,1027.839,19.585,0.131,0.76,1.28,0
277,2141,40,4,305,151.45847461,0.14465262,1395.374,1028.904,20.328,0.057,0.48,0.05,0,1393.338,1032.312,19.053,0.01,0.9,0.04,0,1392.004,1021.998,18.54,0.012,1.02,-0.02,0,1392.108,1024.705,18.294,0.014,0.88,-0.05,0,1391.702,1028.521,18.224,0.032,0.62,0.11,0
278,2141,40,4,52,151.45857365,0.03725825,419.648,1029.931,22.379,0.323,0.45,0.91,0,416.52,1033.194,20.334,0.038,1.57,0.79,0,415.638,1023.131,19.408,0.042,2.37,0.79,0,415.521,1025.592,19.013,0.052,2.34,0.56,0,415.124,1029.544,18.789,0.074,0.86,0.6,0
279,2141,40,4,71,151.4589198,0.04963944,532.117,1033.066,22.177,0.299,0.49,-1.24,0,529.115,1036.345,21.117,0.052,1.13,-0.7,0,528.181,1026.254,20.584,0.039,1.0,-0.01,0,528.09,1028.743,20.454,0.048,0.81,0.15,0,527.692,1032.679,20.639,0.357,0.77,0.54,0
280,2141,40,4,2,151.45904029,-0.00787485,9.782,1034.199,22.628,0.353,0.43,1.11,0,6.196,1037.401,21.798,0.098,1.2,1.76,0,5.504,1027.444,20.303,0.051,1.64,0.78,0,5.295,1029.802,19.762,0.065,1.83,0.67,0,4.902,1033.81,19.411,0.118,0.79,0.84,0
281,2141,40,4,345,151.45925212,0.18287201,1742.562,1035.921,17.918,0.01,0.56,-0.01,0,1740.915,1039.381,16.318,0.004,0.93,-0.04,0,1739.421,1028.979,15.673,0.003,0.59,0.0,0,1739.603,1031.772,15.432,0.007,0.82,0.01,0,1739.195,1035.541,15.31,0.006,0.72,-0.04,0
282,2141,40,4,204,151.46053404,0.08109736,9999.99,9999.99,99.999,9.999,9.99,9.99,9,815.234,1051.023,22.0,0.099,1.07,1.36,0,814.168,1040.862,21.48,0.081,1.01,0.64,0,814.142,1043.42,20.903,0.084,0.97,0.39,0,813.744,1047.318,20.534,0.299,0.72,-1.54,0
283,2141,40,4,266,151.4606858,0.11085454,9999.99,9999.99,99.999,9.999,9.99,9.99,9,1085.911,1052.406,20.597,0.029,0.99,-0.13,0,1084.72,1042.175,19.222,0.014,0.87,0.01,0,1084.755,1044.801,18.43,0.014,0.82,-0.01,0,1084.355,1048.662,17.997,0.026,0.6,0.0,0
284,2141,40,4,221,151.46070989,0.08589267,9999.99,9999.99,99.999,9.999,9.99,9.99,9,858.851,1052.623,21.863,0.087,1.09,0.54,0,857.766,1042.45,20.325,0.056,1.76,0.76,0,857.749,1045.019,19.72,0.052,1.51,0.49,0,857.351,1048.911,19.354,0.098,0.69,0.66,0
285,2141,40,4,77,151.46086945,0.05360715,568.158,1050.779,21.999,0.23,0.45,1.25,0,565.198,1054.065,21.011,0.089,2.23,2.18,0,564.249,1043.968,20.372,0.111,3.37,1.77,0,564.166,1046.463,20.234,0.106,2.15,0.92,0,563.771,1050.395,19.942,0.166,0.69,0.97,0
286,2141,40,4,60,151.46242458,0.04211748,463.781,1064.922,19.649,0.04,0.62,0.07,0,460.706,1068.193,18.192,0.008,1.01,0.07,0,459.806,1058.126,17.638,0.006,0.75,0.03,0,459.7,1060.593,17.429,0.011,0.87,0.04,0,459.308,1064.541,17.365,0.018,0.68,0.01,0
287,2141,40,4,6,151.46278853,-0.00658684,9999.99,9999.99,99.999,9.999,9.99,9.99,9,17.9,1071.466,22.526,0.142,0.99,0.99,0,17.205,1061.513,21.422,0.065,0.86,0.4,0,17.0,1063.868,20.817,0.071,0.89,0.28,0,16.612,1067.877,20.229,0.216,0.7,-0.08,0
288,2141,40,4,299,151.46314068,0.14052344,1357.852,1071.312,21.749,0.197,0.47,0.32,0,1355.777,1074.717,20.39,0.024,0.97,-0.01,0,1354.464,1064.421,20.425,0.032,0.91,0.06,0,1354.56,1067.112,20.271,0.052,0.98,0.4,0,1354.161,1070.937,20.112,0.162,0.55,-0.08,0
289,2141,40,4,259,151.46353211,0.10746634,9999.99,9999.99,99.999,9.999,9.99,9.99,9,1055.088,1078.273,21.875,0.085,1.05,0.92,0,1053.914,1068.055,20.191,0.06,2.08,0.95,0,1053.942,1070.67,19.556,0.058,1.89,0.61,0,1053.547,1074.537,19.222,0.106,0.85,0.66,0
290,2141,40,4,56,151.46424529,0.03879128,9999.99,9999.99,99.999,9.999,9.99,9.99,9,430.457,1084.739,21.995,0.111,1.23,1.11,0,429.572,1074.682,20.817,0.073,1.58,1.02,0,429.46,1077.139,20.276,0.077,1.51,0.54,0,429.071,1081.093,19.836,0.171,0.79,1.36,0
291,2141,40,4,258,151.46471089,0.10739507,1056.849,1085.626,22.284,0.35,0.51,0.25,0,1054.439,1088.986,21.585,0.056,0.87,0.0,0,1053.266,1078.77,21.148,0.048,0.8,0.21,0,1053.295,1081.383,21.088,0.09,0.87,-0.29,0,1052.901,1085.251,20.928,0.378,0.62,-0.32,0
292,2141,40,4,11,151.46494218,-0.00203222,62.82,1087.831,21.258,0.126,0.53,1.01,0,59.297,1091.043,20.367,0.03,1.19,0.51,0,58.584,1081.083,19.824,0.037,1.63,0.65,0,58.389,1083.446,19.685,0.057,1.72,0.4,0,58.004,1087.452,19.442,0.103,0.69,0.93,0
293,2141,40,4,227,151.46501145,0.08731144,874.368,1088.382,18.426,0.013,0.49,-0.06,0,871.753,1091.715,17.351,0.006,1.04,-0.01,0,870.665,1081.547,16.995,0.005,0.7,0.02,0,870.653,1084.113,16.871,0.009,0.83,0.0,0,870.261,1088.007,16.842,0.014,0.74,-0.02,0
294,2141,40,4,229,151.46540605,0.08904672,9999.99,9999.99,99.999,9.999,9.99,9.99,9,887.537,1095.302,22.055,0.097,1.03,-0.12,0,886.442,1085.13,21.798,0.108,1.02,0.36,0,886.433,1087.701,21.396,0.133,0.94,0.66,0,9999.99,9999.99,99.999,9.999,9.99,9.99,9
295,2141,40,4,379,151.46639666,0.21046008,9999.99,9999.99,99.999,9.999,9.99,9.99,9,1991.725,1104.316,21.973,0.093,1.1,0.53,0,1990.121,1093.863,20.521,0.046,1.27,0.54,0,1990.361,1096.709,20.019,0.056,1.32,0.49,0,1989.962,1100.449,19.564,0.113,0.66,0.32,0
296,2141,40,4,75,151.46666119,0.05237734,556.978,1103.414,19.169,0.027,0.6,-0.05,0,554.009,1106.7,16.71,0.006,1.32,-0.04,0,553.069,1096.616,15.604,0.003,0.63,-0.01,0,552.985,1099.101,15.192,0.004,0.41,0.01,0,552.599,1103.039,14.969,0.005,0.61,-0.04,0
297,2141,40,4,86,151.46683612,0.05792548,607.38,1104.997,21.913,0.21,0.44,0.35,0,604.468,1108.291,19.904,0.037,1.99,1.09,0,603.505,1098.195,19.017,0.052,3.6,1.01,0,603.432,1100.692,18.642,0.057,3.02,0.7,0,603.046,1104.623,18.408,0.056,0.88,0.71,0
298,2141,40,4,247,151.46702465,0.09789022,9999.99,9999.99,99.999,9.999,9.99,9.99,9,967.978,1110.012,23.099,0.262,1.09,-0.83,0,966.847,1099.823,21.995,0.126,1.0,0.15,0,966.856,1102.411,21.032,0.077,0.8,-0.1,0,966.467,1106.293,20.119,0.177,0.62,0.3,0
299,2141,40,4,83,151.46722928,0.0562969,9999.99,9999.99,99.999,9.999,9.99,9.99,9,589.656,1111.864,21.958,0.094,1.06,1.16,0,588.7,1101.772,20.777,0.065,1.39,0.84,0,588.624,1104.265,20.494,0.087,1.42,0.7,0,588.238,1108.199,20.274,0.237,0.69,-0.27,0
300,2141,40,4,117,151.46769738,0.06702625,9999.99,9999.99,99.999,9.999,9.99,9.99,9,687.241,1116.121,22.391,0.135,1.07,-0.17,0,686.24,1106.005,21.052,0.053,0.92,-0.19,0,686.186,1108.522,20.031,0.028,0.67,0.01,0,685.8,1112.443,19.849,0.147,0.66,-0.09,0
301,2141,40,4,314,151.46770993,0.15416146,1481.748,1112.818,21.082,0.117,0.51,-0.41,0,1479.815,1116.242,19.617,0.016,1.05,-0.08,0,1478.448,1105.923,18.942,0.013,0.92,0.05,0,1478.572,1108.639,18.603,0.016,0.86,-0.04,0,1478.18,1112.45,18.551,0.037,0.53,0.19,0
302,2141,40,4,320,151.46780199,0.1619684,9999.99,9999.99,99.999,9.999,9.99,9.99,9,1550.817,1117.079,22.598,0.15,0.99,-0.06,0,1549.417,1106.742,21.363,0.08,1.11,0.1,0,1549.558,1109.475,20.172,0.043,0.9,-0.11,0,1549.165,1113.277,19.554,0.12,0.67,-0.62,0
303,2141,40,4,87,151.46808994,0.0583589,9999.99,9999.99,99.999,9.999,9.99,9.99,9,608.408,1119.686,20.275,0.043,1.3,0.35,0,607.445,1109.591,18.987,0.019,1.0,-0.05,0,607.373,1112.087,17.963,0.012,0.73,0.02,0,606.989,1116.019,17.396,0.021,0.71,-0.19,0
304,2141,40,4,85,151.46840865,0.05789701,607.119,1119.288,17.845,0.009,0.5,-0.02,0,604.208,1122.582,15.928,0.007,1.77,-0.03,0,603.246,1112.489,15.226,0.003,0.64,-0.01,0,603.174,1114.984,14.991,0.005,0.6,0.0,0,602.79,1118.917,14.887,0.007,0.93,-0.02,0
305,2141,40,4,375,151.46852073,0.20957994,1985.092,1120.12,20.488,0.067,0.52,-0.05,0,1983.723,1123.62,18.802,0.008,0.85,0.07,0,1982.124,1113.172,18.114,0.009,0.92,-0.03,0,1982.362,1116.014,17.838,0.013,0.98,-0.02,0,1981.967,1119.756,17.653,0.022,0.67,-0.12,0
306,2141,40,4,79,151.4688096,0.05415911,573.161,1122.936,20.335,0.068,0.56,0.16,0,570.212,1126.225,17.602,0.007,1.21,-0.1,0,569.266,1116.141,16.169,0.004,0.7,-0.01,0,569.186,1118.627,15.38,0.006,0.66,0.0,0,568.803,1122.565,14.946,0.006,0.81,-0.01,0
307,2141,40,4,262,151.46884897,0.10923847,9999.99,9999.99,99.999,9.999,9.99,9.99,9,1071.203,1126.592,22.579,0.156,1.04,0.12,0,1070.026,1116.38,20.948,0.061,1.19,-0.23,0,1070.059,1118.991,20.104,0.034,0.75,0.15,0,1069.672,1122.86,19.52,0.102,0.62,-0.71,0
308,2141,40,4,105,151.46887121,0.06307295,9999.99,9999.99,99.999,9.999,9.99,9.99,9,651.283,1126.788,22.225,0.116,1.07,0.41,0,650.3,1116.683,21.26,0.063,0.96,0.46,0,650.239,1119.189,20.702,0.076,1.04,0.33,0,649.855,1123.116,20.598,0.239,0.54,1.45,0
309,2141,40,4,309,151.47000001,0.15123391,1455.148,1133.633,14.784,0.003,0.49,-0.01,0,9999.99,9999.99,99.999,9.999,9.99,9.99,9,9999.99,9999.99,99.999,9.999,9.99,9.99,9,9999.99,9999.99,99.999,9.999,9.99,9.99,9,1451.565,1133.269,11.709,0.003,0.61,0.01,0
310,2141,40,4,14,151.47000359,-0.00054861,76.282,1133.826,19.837,0.058,0.83,0.25,0,72.778,1137.042,18.667,0.01,1.05,-0.01,0,72.063,1127.088,18.286,0.008,0.73,0.08,0,71.872,1129.447,18.147,0.014,0.95,0.04,0,71.495,1133.454,18.099,0.032,0.68,0.04,0
311,2141,40,4,300,151.4700483,0.14078011,1360.174,1134.086,15.296,0.004,0.66,0.0,0,1358.106,1137.493,13.678,0.018,3.16,0.15,1,9999.99,9999.99,99.999,9.999,9.99,9.99,9,9999.99,9999.99,99.999,9.999,9.99,9.99,9,1356.507,1133.721,12.674,0.003,0.56,0.01,0
312,2141,40,4,59,151.47065891,0.0410965,9999.99,9999.99,99.999,9.999,9.99,9.99,9,451.415,1143.026,22.223,0.116,1.07,0.77,0,450.525,1132.976,21.648,0.125,1.36,0.99,0,450.419,1135.429,21.443,0.125,0.91,0.66,0,9999.99,9999.99,99.999,9.999,9.99,9.99,9
313,2141,40,4,319,151.47073887,0.16088573,9999.99,9999.99,99.999,9.999,9.99,9.99,9,1540.967,1143.77,20.345,0.021,0.85,-0.09,0,1539.575,1133.44,18.912,0.014,1.01,0.05,0,1539.713,1136.167,17.537,0.009,0.7,-0.02,0,1539.325,1139.972,16.772,0.011,0.63,0.01,0
314,2141,40,4,82,151.47160752,0.05586595,588.662,1148.36,20.648,0.06,0.39,0.31,0,585.732,1151.653,19.254,0.013,1.09,-0.01,0,584.782,1141.57,18.758,0.012,0.91,-0.06,0,584.706,1144.056,18.588,0.015,0.82,-0.03,0,584.327,1147.994,18.535,0.045,0.66,0.03,0
315,2141,40,4,45,151.4719805,0.02892007,9999.99,9999.99,99.999,9.999,9.99,9.99,9,340.688,1155.03,22.312,0.122,1.04,-0.55,0,339.851,1145.011,21.069,0.064,1.12,-0.26,0,339.72,1147.435,20.222,0.045,0.91,-0.14,0,339.344,1151.406,19.462,0.11,0.72,0.11,0
316,2141,40,4,363,151.47246232,0.19898378,9999.99,9999.99,99.999,9.999,9.99,9.99,9,1887.393,1159.437,22.484,0.153,1.12,0.43,0,1885.842,1149.022,21.02,0.05,0.93,0.55,0,1886.059,1151.834,20.585,0.07,1.07,0.49,0,1885.671,1155.592,20.057,0.153,0.56,0.73,0
317,2141,40,4,37,151.47278383,0.02314152,9999.99,9999.99,99.999,9.999,9.99,9.99,9,288.145,1162.327,22.301,0.126,1.06,0.63,0,287.333,1152.323,21.385,0.064,0.86,-0.06,0,287.19,1154.733,21.035,0.073,0.77,0.12,0,286.816,1158.712,20.852,0.325,0.58,-0.02,0
318,2141,40,4,338,151.47324201,0.17777017,9999.99,9999.99,99.999,9.999,9.99,9.99,9,1694.511,1166.52,22.503,0.114,0.83,-0.24,0,1693.05,1156.155,21.634,0.078,0.86,-0.1,0,1693.224,1158.918,21.303,0.08,0.66,-0.27,0,1692.838,1162.703,20.502,0.264,0.65,0.56,0
319,2141,40,4,28,151.47347432,0.01488436,9999.99,9999.99,99.999,9.999,9.99,9.99,9,213.071,1168.596,22.153,0.113,1.1,0.89,0,212.294,1158.613,20.696,0.071,1.7,0.99,0,212.135,1161.003,20.253,0.086,1.67,0.88,0,211.762,1164.993,19.743,0.152,0.76,0.8,0
320,2141,40,4,235,151.47375463,0.09338193,929.51,1167.829,22.271,0.308,0.45,0.53,0,926.963,1171.173,21.849,0.081,1.03,0.64,0,925.857,1161.007,20.713,0.057,1.32,0.63,0,925.858,1163.576,20.305,0.064,1.21,0.48,0,925.48,1167.468,19.723,0.131,0.64,0.68,0
321,2141,40,4,292,151.47378115,0.13287134,1288.312,1168.019,21.98,0.259,0.5,-0.43,0,1286.167,1171.416,19.234,0.012,0.95,-0.08,0,1284.894,1161.158,17.963,0.008,0.84,-0.01,0,1284.976,1163.817,17.406,0.009,0.73,-0.06,0,1284.595,1167.659,17.078,0.015,0.71,-0.06,0
322,2141,40,4,373,151.47407988,0.20731925,9999.99,9999.99,99.999,9.999,9.99,9.99,9,1963.168,1174.14,19.806,0.015,0.92,-0.04,0,1961.583,1163.708,18.51,0.009,0.82,-0.08,0,1961.818,1166.537,17.992,0.01,0.7,-0.02,0,1961.431,1170.286,17.687,0.024,0.72,-0.12,0
323,2141,40,4,125,151.47431131,0.06847813,9999.99,9999.99,99.999,9.999,9.99,9.99,9,700.44,1176.228,22.459,0.113,0.84,-0.07,0,699.439,1166.121,21.337,0.067,0.93,0.52,0,699.389,1168.632,21.009,0.117,1.24,0.82,0,699.013,1172.556,20.451,0.261,0.67,1.72,0
324,2141,40,4,234,151.47438807,0.09328295,9999.99,9999.99,99.999,9.999,9.99,9.99,9,926.062,1176.93,22.571,0.16,1.05,1.49,0,924.957,1166.765,21.154,0.08,1.29,0.99,0,924.958,1169.333,20.718,0.081,1.08,0.61,0,924.581,1173.226,20.434,0.278,0.72,1.85,0
325,2141,40,4,157,151.47491186,0.07266562,9999.99,9999.99,99.999,9.999,9.99,9.99,9,738.527,1181.687,21.96,0.094,1.09,0.7,0,737.509,1171.571,20.61,0.06,1.51,0.75,0,737.467,1174.091,20.107,0.078,1.72,0.79,0,737.093,1178.01,19.74,0.12,0.59,0.71,0
326,2141,40,4,279,151.47533637,0.12052917,9999.99,9999.99,99.999,9.999,9.99,9.99,9,1173.9,1185.55,21.927,0.09,1.05,0.52,0,1172.681,1175.323,21.621,0.1,1.11,0.56,0,1172.738,1177.952,21.501,0.106,0.64,0.92,0,9999.99,9999.99,99.999,9.999,9.99,9.99,9
327,2141,40,4,96,151.4753866,0.06027616,9999.99,9999.99,99.999,9.999,9.99,9.99,9,625.84,1185.998,21.7,0.074,1.06,1.04,0,624.874,1175.912,20.357,0.043,1.28,0.59,0,624.808,1178.403,19.85,0.057,1.52,0.53,0,624.434,1182.337,19.472,0.103,0.65,0.15,0
328,2141,40,4,252,151.47574533,0.10272802,1014.427,1185.908,16.879,0.007,0.68,-0.07,0,1011.976,1189.266,15.332,0.002,0.46,0.0,0,1010.832,1179.081,14.771,0.004,0.81,0.01,0,1010.853,1181.669,14.565,0.005,0.61,-0.02,0,1010.477,1185.55,14.475,0.009,1.38,-0.09,0
329,2141,40,4,325,151.47732174,0.16428867,9999.99,9999.99,99.999,9.999,9.99,9.99,9,1571.909,1203.594,20.728,0.03,0.96,-0.01,0,1570.508,1193.269,19.563,0.017,0.92,0.02,0,1570.655,1195.995,19.006,0.019,0.86,-0.02,0,1570.277,1199.8,18.646,0.042,0.55,-0.25,0
330,2141,40,4,342,151.47761505,0.17953992,1712.269,1202.799,22.239,0.362,0.58,1.17,0,1710.6,1206.261,21.208,0.109,2.38,2.61,0,1709.135,1195.901,20.617,0.112,2.87,1.7,0,1709.313,1198.661,20.423,0.143,2.49,1.1,0,1708.934,1202.448,20.538,0.349,0.82,2.63,0
331,2141,40,4,152,151.47794477,0.07240309,9999.99,9999.99,99.999,9.999,9.99,9.99,9,736.137,1209.249,22.696,0.171,1.03,0.86,0,735.122,1199.14,20.943,0.052,1.02,0.17,0,735.081,1201.655,20.378,0.057,0.97,0.46,0,734.71,1205.576,20.137,0.168,0.58,0.09,0
332,2141,40,4,210,151.47870019,0.08289726,9999.99,9999.99,99.999,9.999,9.99,9.99,9,831.589,1216.116,21.759,0.096,1.31,1.85,0,830.531,1205.984,20.572,0.08,2.11,1.13,0,830.511,1208.522,20.035,0.098,2.28,0.95,0,830.142,1212.43,19.738,0.141,0.7,1.1,0
333,2141,40,4,246,151.4789242,0.09746742,9999.99,9999.99,99.999,9.999,9.99,9.99,9,964.121,1218.155,22.888,0.186,0.94,0.69,0,963.002,1207.988,21.413,0.073,0.97,0.47,0,963.012,1210.559,20.802,0.076,0.95,0.39,0,962.642,1214.45,20.865,0.34,0.59,-0.29,0
334,2141,40,4,387,151.47897922,0.21519741,9999.99,9999.99,99.999,9.999,9.99,9.99,9,2034.775,1218.667,22.413,0.126,1.02,0.36,0,2033.161,1208.226,21.676,0.095,1.02,0.58,0,2033.412,1211.066,21.344,0.08,0.66,0.29,0,9999.99,9999.99,99.999,9.999,9.99,9.99,9
335,2141,40,4,90,151.47907351,0.05938706,9999.99,9999.99,99.999,9.999,9.99,9.99,9,617.75,1219.504,20.906,0.059,1.6,1.49,0,616.791,1209.427,19.341,0.067,3.95,1.32,0,616.723,1211.911,18.831,0.075,3.69,0.85,0,616.356,1215.849,18.494,0.072,1.08,0.95,0
336,2141,40,4,282,151.48026125,0.12138711,9999.99,9999.99,99.999,9.999,9.99,9.99,9,1181.7,1230.306,20.289,0.024,1.04,-0.05,0,1180.481,1220.087,18.992,0.015,1.06,0.05,0,1180.54,1222.711,18.435,0.013,0.75,0.0,0,1180.17,1226.572,18.062,0.033,0.7,0.05,0
337,2141,40,4,13,151.48042886,-0.00111965,9999.99,9999.99,99.999,9.999,9.99,9.99,9,67.578,1231.785,21.545,0.064,1.02,-0.04,0,66.874,1221.852,20.426,0.027,0.79,0.05,0,66.682,1224.196,19.99,0.036,0.89,0.18,0,66.322,1228.211,19.631,0.097,0.56,0.36,0
338,2141,40,4,84,151.4808437,0.05669599,596.189,1232.294,22.387,0.332,0.44,-0.49,0,593.273,1235.591,20.373,0.024,0.96,0.05,0,592.327,1225.523,19.06,0.014,0.99,-0.03,0,592.254,1227.999,18.452,0.015,0.89,0.02,0,591.89,1231.942,18.104,0.03,0.63,0.03,0
339,2141,40,4,243,151.48098329,0.09642158,9999.99,9999.99,99.999,9.999,9.99,9.99,9,954.606,1236.867,21.529,0.064,1.05,1.19,0,953.493,1226.707,19.897,0.066,2.78,1.13,0,953.502,1229.273,19.361,0.087,3.18,0.86,0,953.134,1233.167,18.962,0.078,0.77,0.81,0
340,2141,40,4,381,151.48115463,0.21214274,9999.99,9999.99,99.999,9.999,9.99,9.99,9,2007.008,1238.436,23.386,0.275,0.91,-1.13,0,2005.408,1228.006,21.677,0.078,0.83,-0.06,0,2005.654,1230.836,20.412,0.047,0.85,-0.07,0,2005.278,1234.584,19.528,0.11,0.66,-0.35,0
341,2141,40,4,149,151.48158505,0.07204993,9999.99,9999.99,99.999,9.999,9.99,9.99,9,732.922,1242.333,21.513,0.054,0.89,0.32,0,731.911,1232.23,20.863,0.046,0.93,-0.08,0,731.87,1234.74,20.518,0.06,0.96,0.12,0,731.505,1238.664,20.756,0.302,0.58,-1.51,0
342,2141,40,4,356,151.48216859,0.19174893,9999.99,9999.99,99.999,9.999,9.99,9.99,9,1821.608,1247.646,20.837,0.036,1.04,0.0,0,1820.095,1237.265,19.865,0.022,0.94,0.07,0,1820.299,1240.048,19.529,0.028,0.94,-0.07,0,1819.927,1243.822,19.288,0.095,0.7,-0.12,0
343,2141,40,4,69,151.48265179,0.04812547,9999.99,9999.99,99.999,9.999,9.99,9.99,9,515.326,1252.02,22.561,0.17,1.16,1.7,0,514.417,1241.975,21.075,0.084,1.46,1.03,0,514.327,1244.429,20.46,0.087,1.48,0.59,0,513.966,1248.384,20.117,0.208,0.73,1.25,0
344,2141,40,4,382,151.48271439,0.21306136,9999.99,9999.99,99.999,9.999,9.99,9.99,9,2015.356,1252.612,23.166,0.255,1.04,-1.66,0,2013.754,1242.182,21.705,0.083,0.87,0.24,0,2014.002,1245.013,20.912,0.08,0.95,0.24,0,2013.628,1248.761,20.152,0.189,0.63,-0.73,0
345,2141,40,4,95,151.48352822,0.06000727,9999.99,9999.99,99.999,9.999,9.99,9.99,9,623.387,1259.989,22.281,0.129,1.13,1.71,0,622.429,1249.918,20.887,0.095,1.93,1.07,0,622.363,1252.398,20.27,0.084,1.65,0.63,0,622.003,1256.338,19.687,0.131,0.67,0.69,0
346,2141,40,4,93,151.48382881,0.05964812,9999.99,9999.99,99.999,9.999,9.99,9.99,9,620.121,1262.72,22.275,0.108,0.93,0.61,0,619.164,1252.651,20.867,0.061,1.24,0.57,0,619.098,1255.13,20.418,0.071,1.23,0.42,0,618.738,1259.071,20.0,0.177,0.69,1.06,0
347,2141,40,4,341,151.48406217,0.17942005,9999.99,9999.99,99.999,9.999,9.99,9.99,9,1709.505,1264.853,22.644,0.149,0.94,0.55,0,1708.045,1254.504,21.534,0.068,0.82,0.1,0,1708.224,1257.256,20.512,0.055,0.9,0.01,0,1707.855,1261.047,19.944,0.158,0.64,0.09,0
348,2141,40,4,135,151.48500817,0.07034208,9999.99,9999.99,99.999,9.999,9.99,9.99,9,717.385,1273.441,22.569,0.145,0.98,0.16,0,716.384,1263.349,21.287,0.074,1.09,0.41,0,716.34,1265.85,20.409,0.047,0.81,0.07,0,715.981,1269.779,19.948,0.121,0.49,0.53,0
349,2141,40,4,198,151.48530324,0.07929976,9999.99,9999.99,99.999,9.999,9.99,9.99,9,798.861,1276.124,22.126,0.099,0.98,0.08,0,797.823,1266.012,21.361,0.073,1.02,0.31,0,797.797,1268.533,21.305,0.153,1.21,1.24,0,797.438,1272.451,20.473,0.254,0.63,0.01,0
350,2141,40,4,378,151.48539616,0.20989847,9999.99,9999.99,99.999,9.999,9.99,9.99,9,1986.604,1276.982,22.852,0.154,0.85,-0.28,0,1985.017,1266.565,21.48,0.082,1.05,-0.2,0,1985.258,1269.384,20.736,0.07,0.95,0.01,0,1984.889,1273.138,20.305,0.219,0.64,0.17,0
351,2141,40,4,216,151.48660326,0.08429726,9999.99,9999.99,99.999,9.999,9.99,9.99,9,844.317,1287.939,22.722,0.144,0.84,-0.13,0,843.259,1277.818,21.044,0.062,1.12,0.68,0,843.243,1280.349,20.163,0.059,1.24,0.55,0,842.886,1284.261,19.717,0.158,0.78,1.45,0
352,2141,40,4,371,151.48695167,0.20366056,9999.99,9999.99,99.999,9.999,9.99,9.99,9,1929.897,1291.116,21.232,0.043,0.93,0.02,0,1928.338,1280.717,19.949,0.027,1.14,-0.14,0,1928.567,1283.52,18.508,0.013,0.76,-0.07,0,1928.201,1287.283,17.628,0.023,0.71,-0.07,0
353,2141,40,4,217,151.4870008,0.08456476,9999.99,9999.99,99.999,9.999,9.99,9.99,9,846.75,1291.552,23.014,0.195,0.88,0.95,0,845.691,1281.431,21.29,0.079,1.16,0.89,0,845.677,1283.962,20.556,0.074,1.15,0.55,0,845.32,1287.874,20.086,0.196,0.7,0.02,0
354,2141,40,4,54,151.48757239,0.03813103,9999.99,9999.99,99.999,9.999,9.99,9.99,9,424.432,1296.733,22.538,0.138,0.97,0.51,0,423.569,1286.721,21.669,0.095,1.02,0.25,0,423.459,1289.145,21.01,0.09,0.97,0.19,0,423.107,1293.116,20.813,0.31,0.57,0.43,0
355,2141,40,4,70,151.4889204,0.0482199,9999.99,9999.99,99.999,9.999,9.99,9.99,9,516.179,1308.988,23.06,0.232,1.01,-0.34,0,515.275,1298.955,21.703,0.101,1.05,-0.18,0,515.186,1301.401,20.052,0.035,0.82,-0.06,0,514.835,1305.36,19.234,0.078,0.61,0.25,0
356,2141,40,4,264,151.49109608,0.1100742,9999.99,9999.99,99.999,9.999,9.99,9.99,9,1078.786,1328.773,22.108,0.113,1.09,2.03,0,1077.623,1318.599,21.148,0.09,1.49,1.32,0,1077.661,1321.183,20.705,0.096,1.32,0.55,0,1077.309,1325.066,20.391,0.235,0.62,1.09,0
357,2141,40,4,61,151.49180898,0.04218173,9999.99,9999.99,99.999,9.999,9.99,9.99,9,461.264,1335.237,22.921,0.185,0.92,-0.14,0,460.388,1325.223,21.661,0.113,1.21,-0.13,0,460.287,1327.651,20.086,0.047,1.06,-0.24,0,459.941,1331.62,19.273,0.077,0.57,-0.05,0
358,2141,40,4,193,151.49197573,0.07806637,9999.99,9999.99,99.999,9.999,9.99,9.99,9,787.637,1336.763,22.25,0.109,0.98,0.66,0,786.609,1326.666,20.598,0.053,1.35,0.71,0,786.582,1329.175,19.99,0.07,1.64,0.66,0,786.233,1333.099,19.561,0.117,0.67,0.9,0
359,2141,40,4,65,151.49440813,0.04516562,9999.99,9999.99,99.999,9.999,9.99,9.99,9,488.398,1358.859,21.829,0.075,0.97,0.63,0,487.511,1348.843,21.461,0.097,1.24,0.9,0,487.417,1351.274,21.399,0.122,0.91,1.08,0,487.075,1355.241,20.804,0.32,0.59,0.13,0
360,2141,40,4,58,151.49479479,0.03913609,436.651,1359.092,15.633,0.004,0.59,0.02,0,433.566,1362.37,13.811,0.016,2.54,-0.06,1,9999.99,9999.99,99.999,9.999,9.99,9.99,9,9999.99,9999.99,99.999,9.999,9.99,9.99,9,432.256,1358.76,12.699,0.005,1.01,0.02,0
361,2141,40,4,53,151.49631469,0.03782239,9999.99,9999.99,99.999,9.999,9.99,9.99,9,421.618,1376.183,21.636,0.114,1.7,1.5,0,420.763,1366.187,20.467,0.089,2.5,1.49,0,420.654,1368.599,20.117,0.097,2.12,1.0,0,420.315,1372.577,19.572,0.125,0.71,1.16,0
362,2141,40,4,57,151.49652232,0.03908572,436.191,1374.791,20.159,0.043,0.42,-0.07,0,433.106,1378.07,18.752,0.02,2.13,0.14,0,432.246,1368.072,18.294,0.023,2.21,0.2,0,432.14,1370.486,18.17,0.025,1.58,0.01,1,431.801,1374.463,18.063,0.034,0.73,0.2,0
363,2141,40,4,291,151.49670251,0.13229682,9999.99,9999.99,99.999,9.999,9.99,9.99,9,9999.99,9999.99,99.999,9.999,9.99,9.99,9,1279.669,1369.509,22.437,0.184,0.94,-1.01,0,1279.754,1372.136,20.967,0.077,0.85,0.11,0,1279.408,1375.995,20.101,0.15,0.5,-0.25,0
364,2141,40,4,17,151.49715456,0.00140203,93.952,1380.562,21.245,0.125,0.51,1.34,0,90.485,1383.789,18.629,0.011,1.23,-0.06,0,89.784,1373.881,17.613,0.007,0.79,0.0,0,89.601,1376.208,17.234,0.012,0.97,0.0,0,89.266,1380.232,17.131,0.023,1.08,0.28,0
365,2141,40,4,286,151.49729931,0.12785367,9999.99,9999.99,99.999,9.999,9.99,9.99,9,1240.505,1385.147,22.62,0.153,0.99,-0.44,0,1239.273,1374.944,21.98,0.13,1.07,-0.16,0,1239.349,1377.56,21.378,0.096,0.73,0.31,0,1239.004,1381.425,20.897,0.369,0.58,-0.25,0
366,2141,40,4,12,151.49775616,-0.00112667,9999.99,9999.99,99.999,9.999,9.99,9.99,9,67.499,1389.255,21.611,0.07,1.06,-0.42,0,66.809,1379.353,20.203,0.03,1.04,-0.05,0,66.62,1381.674,19.561,0.024,0.8,0.05,0,66.287,1385.702,19.293,0.063,0.51,0.22,0
367,2141,40,4,328,151.49808121,0.16500268,9999.99,9999.99,99.999,9.999,9.99,9.99,9,1578.384,1392.255,22.362,0.117,0.98,0.27,0,1576.997,1381.966,21.013,0.05,0.94,-0.04,0,1577.148,1384.666,20.115,0.039,0.87,0.03,0,1576.802,1388.485,19.57,0.115,0.62,0.0,0
368,2141,40,4,333,151.4984791,0.17197346,9999.99,9999.99,99.999,9.999,9.99,9.99,9,1641.777,1395.872,22.991,0.189,0.9,-0.66,0,1640.36,1385.567,21.457,0.085,1.11,0.82,0,1640.526,1388.283,20.915,0.067,0.78,0.25,0,1640.181,1392.093,20.19,0.188,0.58,-0.45,0
369,2141,40,4,159,151.49881306,0.07274874,742.004,1395.574,21.282,0.145,0.49,1.52,0,739.263,1398.899,20.042,0.102,5.21,2.95,0,738.263,1388.827,19.61,0.124,6.35,2.14,0,738.226,1391.315,19.284,0.119,4.59,1.27,0,737.888,1395.251,19.062,0.116,1.03,1.23,0
370,2141,40,4,366,151.49915839,0.20082245,9999.99,9999.99,99.999,9.999,9.99,9.99,9,1904.085,1402.05,20.882,0.039,1.12,0.11,0,1902.548,1391.679,19.469,0.017,0.97,-0.09,0,1902.773,1394.459,18.568,0.012,0.65,0.05,0,1902.426,1398.234,18.011,0.036,0.8,-0.08,0
371,2141,40,4,385,151.49942621,0.21480485,2032.486,1400.97,22.114,0.209,0.45,0.49,0,2031.189,1404.488,21.058,0.061,1.51,1.45,0,2029.593,1394.085,20.685,0.075,1.75,1.07,0,2029.847,1396.897,20.419,0.088,1.59,0.71,0,2029.5,1400.654,20.583,0.273,0.6,1.15,0
372,2141,40,4,236,151.50003785,0.09388731,9999.99,9999.99,99.999,9.999,9.99,9.99,9,931.537,1410.033,21.731,0.073,1.01,1.0,0,930.45,1399.914,20.005,0.059,2.34,0.97,0,930.456,1402.448,19.417,0.071,2.5,0.74,0,930.119,1406.358,18.918,0.073,0.67,0.92,0
373,2141,40,4,241,151.50052938,0.09610343,9999.99,9999.99,99.999,9.999,9.99,9.99,9,951.695,1414.5,20.218,0.052,2.35,1.4,0,950.599,1404.377,18.808,0.072,5.58,1.45,0,950.61,1406.916,18.31,0.084,5.16,0.99,0,950.273,1410.823,18.041,0.056,1.18,0.76,0
374,2141,40,4,285,151.50083347,0.12641989,9999.99,9999.99,99.999,9.999,9.99,9.99,9,1227.46,1417.266,21.564,0.067,1.09,0.24,0,1226.237,1407.072,21.116,0.06,1.05,-0.15,0,1226.31,1409.68,20.809,0.072,0.91,0.07,0,1225.972,1413.55,20.208,0.204,0.62,-0.64,0
375,2141,40,4,330,151.50176171,0.1676003,1603.779,1422.25,21.969,0.213,0.46,-0.73,0,1602.004,1425.704,19.575,0.014,0.98,0.11,0,1600.609,1415.415,18.475,0.01,0.89,0.02,0,1600.766,1418.116,18.036,0.012,0.85,-0.03,0,1600.426,1421.935,17.672,0.026,0.74,-0.12,0
376,2141,40,4,276,151.50237076,0.11843336,9999.99,9999.99,99.999,9.999,9.99,9.99,9,9999.99,9999.99,99.999,9.999,9.99,9.99,9,1153.624,1421.064,22.444,0.213,1.17,-0.83,0,1153.681,1423.651,20.834,0.056,0.7,0.11,0,1153.345,1427.532,20.024,0.217,0.74,0.13,0
377,2141,40,4,102,151.50313646,0.06203934,9999.99,9999.99,99.999,9.999,9.99,9.99,9,641.852,1438.187,20.624,0.024,0.81,-0.05,0,640.901,1428.148,19.404,0.017,0.97,-0.04,0,640.842,1430.606,18.871,0.016,0.74,0.06,0,640.512,1434.558,18.473,0.041,0.62,-0.13,0
378,2141,40,4,62,151.50343972,0.04361574,477.329,1437.65,17.8,0.011,0.6,-0.1,0,474.295,1440.936,16.037,0.002,0.61,0.0,0,473.422,1430.941,15.341,0.008,1.51,0.02,0,473.326,1433.356,15.059,0.012,1.36,-0.02,0,472.998,1437.332,14.911,0.007,0.85,0.01,0
379,2141,40,4,225,151.50605339,0.08657264,867.592,1461.355,22.303,0.31,0.43,0.16,0,864.997,1464.701,21.669,0.083,1.22,1.54,0,863.945,1454.61,21.115,0.1,1.72,1.42,0,863.937,1457.12,20.757,0.097,1.28,0.68,0,863.61,1461.043,20.606,0.315,0.66,2.06,0
380,2141,40,4,347,151.50677068,0.18392634,1752.066,1467.748,20.907,0.108,0.66,1.83,0,1750.461,1471.226,19.781,0.096,5.84,2.9,0,1749.0,1460.909,19.412,0.116,6.73,2.17,0,1749.192,1463.64,19.213,0.13,5.29,1.47,0,1748.859,1467.442,19.091,0.105,0.88,0.94,0
381,2141,40,4,43,151.50718536,0.02706824,327.019,1471.703,21.674,0.173,0.44,0.39,0,323.819,1474.968,19.031,0.012,1.11,-0.11,0,323.018,1465.018,17.875,0.008,0.87,-0.01,0,322.889,1467.391,17.39,0.013,1.04,0.01,0,322.568,1471.39,17.167,0.016,0.73,0.09,0
382,2141,40,4,124,151.50724519,0.06804545,9999.99,9999.99,99.999,9.999,9.99,9.99,9,696.476,1475.528,23.569,0.354,0.95,0.84,0,695.503,1465.483,21.844,0.123,1.15,-0.68,0,695.458,1467.948,21.269,0.092,0.79,-0.14,0,9999.99,9999.99,99.999,9.999,9.99,9.99,9
383,2141,40,4,386,151.50770054,0.21515328,9999.99,9999.99,99.999,9.999,9.99,9.99,9,2034.349,1479.684,21.79,0.078,1.06,0.23,0,2032.758,1469.296,20.178,0.028,0.99,-0.09,0,2033.014,1472.097,19.09,0.021,0.94,0.07,0,2032.679,1475.861,18.41,0.045,0.7,-0.19,0
384,2141,40,4,377,151.50771696,0.20976712,1986.732,1476.318,20.445,0.083,0.85,-0.96,0,1985.39,1479.832,18.93,0.02,1.92,0.23,0,1983.822,1469.456,18.449,0.009,0.79,-0.04,0,1984.067,1472.245,18.244,0.02,1.28,0.05,0,1983.733,1476.015,18.104,0.038,0.77,-0.18,0
385,2141,40,4,272,151.50791331,0.11469199,1123.084,1478.221,19.659,0.047,0.71,-0.4,0,1120.776,1481.606,17.432,0.012,2.07,0.04,0,1119.607,1471.453,16.555,0.013,1.99,0.04,0,1119.657,1474.024,16.21,0.012,1.28,0.0,0,1119.331,1477.914,15.955,0.022,1.79,-0.29,0
386,2141,40,4,288,151.50893121,0.12878812,9999.99,9999.99,99.999,9.999,9.99,9.99,9,9999.99,9999.99,99.999,9.999,9.99,9.99,9,1247.768,1480.673,21.724,0.101,1.06,0.12,0,1247.847,1483.276,21.241,0.092,0.8,-0.05,0,9999.99,9999.99,99.999,9.999,9.99,9.99,9
387,2141,40,4,331,151.50901624,0.16979248,9999.99,9999.99,99.999,9.999,9.99,9.99,9,9999.99,9999.99,99.999,9.999,9.99,9.99,9,1620.535,1481.352,20.911,0.052,1.08,0.11,0,1620.699,1484.048,20.488,0.045,0.76,0.06,0,1620.369,1487.87,20.229,0.224,0.62,-0.08,0
388,2141,40,4,50,151.50940206,0.03178839,9999.99,9999.99,99.999,9.999,9.99,9.99,9,9999.99,9999.99,99.999,9.999,9.99,9.99,9,365.918,1485.159,20.885,0.05,1.05,0.18,0,365.799,1487.539,20.712,0.047,0.65,-0.14,0,9999.99,9999.99,99.999,9.999,9.99,9.99,9
